{"skeleton":{"hash":"jnPCVwbE1L7v7PJR6rwp1oaDgW4","spine":"3.6.53","width":263.64,"height":334.47,"images":"./images/"},"bones":[{"name":"root"},{"name":"hip","parent":"root","x":-1.85,"y":114.96},{"name":"spine1","parent":"hip","length":44.25,"rotation":91.13,"x":-10.95,"y":0.88},{"name":"bodycenter","parent":"spine1","x":33.59,"y":-29.14},{"name":"frontGround","parent":"root","x":-42.67,"y":-0.61,"transform":"noRotationOrReflection","color":"2cf024ff"},{"name":"spine2","parent":"spine1","length":42.19,"rotation":-5.9,"x":44.25},{"name":"frontarm","parent":"spine2","length":53.5,"rotation":160.09,"x":14.55,"y":31.1},{"name":"frontboots","parent":"frontGround","length":19.75,"rotation":-15.9,"x":0.06,"y":14.54},{"name":"frontfootIK","parent":"frontGround","x":0.13,"y":14.15,"transform":"noRotationOrReflection","color":"ff3f00ff"},{"name":"frontthigh","parent":"hip","length":53.58,"rotation":-84.52,"x":-27.02,"y":-6.16,"color":"77f00cff"},{"name":"frontfoot","parent":"frontthigh","length":43.15,"rotation":-10.55,"x":53.65,"y":-0.31},{"name":"fronthand","parent":"frontarm","length":46.82,"rotation":35.46,"x":53.9,"y":0.18},{"name":"frontweapon","parent":"fronthand","length":36.8,"rotation":88.12,"x":41.13,"y":-0.1},{"name":"head","parent":"spine2","length":57,"rotation":3.17,"x":43.9,"y":0.58},{"name":"head2","parent":"head","length":31.07,"rotation":-102.13,"x":80.25,"y":-16.54,"scaleX":0.898,"scaleY":0.898},{"name":"head3","parent":"head","length":28.32,"rotation":62.57,"x":78.2,"y":-6.54,"scaleX":0.863,"scaleY":0.863},{"name":"head4","parent":"head","length":34.1,"rotation":97.71,"x":74.17,"y":-4.23,"scaleX":0.913,"scaleY":0.913},{"name":"head5","parent":"head","length":37.94,"rotation":151.63,"x":68.71,"y":12.98},{"name":"head6","parent":"head5","length":39.84,"rotation":37.71,"x":37.67,"y":-0.34},{"name":"head9","parent":"head","x":39.46,"y":-94.93},{"name":"headcenter","parent":"head","rotation":0.03,"x":23.39,"y":-31.81},{"name":"headcenter2","parent":"headcenter","x":24.06,"y":-6.28},{"name":"rearGround","parent":"root","x":19.22,"y":0.23,"transform":"noRotationOrReflection","color":"ff0000ff"},{"name":"reararm","parent":"spine2","length":50.69,"rotation":-168.79,"x":28.44,"y":-30.15},{"name":"rearhand","parent":"reararm","length":43.86,"rotation":12.84,"x":50.69},{"name":"rear_shield","parent":"rearhand","x":46.85,"y":10.47},{"name":"rear_shield_center","parent":"rear_shield","x":7.49,"y":8.52},{"name":"rearboots","parent":"rearGround","length":21.92,"rotation":-5.57,"x":0.12,"y":16.58},{"name":"rearfootIK","parent":"rearGround","x":0.07,"y":17.04,"color":"ff3f00ff"},{"name":"rearthigh","parent":"hip","length":54.35,"rotation":-82.78,"x":19.75,"y":-1.68,"color":"f80d0dff"},{"name":"rearfoot","parent":"rearthigh","length":43.79,"rotation":-12.93,"x":54.71,"y":-0.31},{"name":"rearweapon","parent":"rearhand","length":32.4,"rotation":90.72,"x":38.06,"y":-0.79},{"name":"shadow","parent":"root"},{"name":"spine3","parent":"spine2","x":3.27,"y":29.59},{"name":"spine4","parent":"spine2","x":15.02,"y":-26.48},{"name":"spine5","parent":"spine1","x":-8.81,"y":-2.47},{"name":"swoosh","parent":"frontweapon","length":46.23,"rotation":91.06,"x":79.39,"y":1.14},{"name":"swoosh2","parent":"swoosh","length":39.72,"rotation":1.38,"x":42.42,"y":0.44},{"name":"swoosh3","parent":"swoosh2","length":39.52,"rotation":-0.73,"x":39.23,"y":0.29},{"name":"swoosh4","parent":"swoosh3","length":31.5,"rotation":-0.02,"x":41.47,"y":0.33},{"name":"swoosh5","parent":"hip","length":46.23,"rotation":179.45,"x":-24.29,"y":48.2},{"name":"swoosh6","parent":"swoosh5","length":39.72,"rotation":1.38,"x":42.42,"y":0.44},{"name":"swoosh7","parent":"swoosh6","length":39.52,"rotation":-0.73,"x":39.23,"y":0.29},{"name":"swoosh8","parent":"swoosh7","length":31.5,"rotation":-0.02,"x":41.47,"y":0.33},{"name":"weapon","parent":"spine2","rotation":-149.6,"x":33.32,"y":43.21}],"slots":[{"name":"shadow copy 2","bone":"shadow","attachment":"shadow copy 2"},{"name":"swoosh2","bone":"swoosh5"},{"name":"rear_shield","bone":"rear_shield","attachment":"rear_shield"},{"name":"reararm","bone":"reararm","attachment":"reararm"},{"name":"rearweapon","bone":"rearweapon","attachment":"rearweapon"},{"name":"rearhand","bone":"rearhand","attachment":"rear_hand_shield"},{"name":"rearfoot","bone":"rearfoot","attachment":"rearboots"},{"name":"rearthigh","bone":"rearthigh","attachment":"rearthigh"},{"name":"frontfoot","bone":"frontfoot","attachment":"frontboots"},{"name":"frontthigh","bone":"frontthigh","attachment":"frontthigh"},{"name":"sword1_","bone":"weapon","attachment":"sword1_"},{"name":"curl4","bone":"head6","attachment":"curl"},{"name":"curl5","bone":"head5","attachment":"curl"},{"name":"armor1","bone":"spine1","attachment":"body"},{"name":"head","bone":"head","attachment":"head"},{"name":"curl2","bone":"head2","attachment":"curl"},{"name":"curl3","bone":"head3","attachment":"curl"},{"name":"curl","bone":"head4","attachment":"curl"},{"name":"frontarm","bone":"frontarm","attachment":"frontarm"},{"name":"swoosh","bone":"swoosh"},{"name":"weapon","bone":"frontweapon","attachment":"weapon"},{"name":"fronthand","bone":"fronthand","attachment":"fronthand2"}],"ik":[{"name":"frontfootIK","order":1,"bones":["frontthigh","frontfoot"],"target":"frontfootIK","bendPositive":false},{"name":"rearfootIK","order":0,"bones":["rearthigh","rearfoot"],"target":"rearfootIK","bendPositive":false}],"skins":{"default":{"curl":{"curl":{"x":21.65,"y":1.33,"rotation":-165.41,"width":62,"height":23}},"curl2":{"curl":{"x":17.78,"y":1.11,"scaleX":-0.797,"scaleY":0.803,"rotation":-4.76,"width":62,"height":23}},"curl3":{"curl":{"x":19.66,"y":1.71,"rotation":-166.63,"width":62,"height":23}},"curl4":{"curl":{"x":19.82,"y":0.42,"rotation":177.61,"width":62,"height":23}},"curl5":{"curl":{"x":29.01,"y":0.52,"rotation":-166.93,"width":62,"height":23}},"frontarm":{"frontarm":{"x":23.72,"y":2.76,"rotation":114.55,"width":50,"height":64}},"fronthand":{"fronthand":{"x":24.27,"y":5.27,"rotation":79.71,"width":41,"height":65},"fronthand2":{"x":23.32,"y":4.62,"rotation":79.22,"width":41,"height":65}},"frontthigh":{"frontthigh":{"x":25.54,"y":2.66,"rotation":84.52,"width":52,"height":71}},"reararm":{"reararm":{"x":24.19,"y":-2.04,"rotation":83.55,"width":40,"height":72}},"rearhand":{"rear_hand_shield":{"x":32.73,"y":4.79,"rotation":9.88,"width":69,"height":65},"rear_hand_shield2":{"x":27.41,"y":3.15,"rotation":11.96,"width":55,"height":64}},"rearthigh":{"rearthigh":{"x":23.74,"y":-5.06,"rotation":82.78,"width":51,"height":72}},"shadow copy 2":{"shadow copy 2":{"x":-1.54,"y":0.61,"width":182,"height":59}},"sword1_":{"sword1_":{"x":-17.28,"y":-4.38,"rotation":64.36,"width":69,"height":139}}},"skin1":{"armor1":{"body":{"name":"armor1","type":"mesh","uvs":[0.02572,0.06465,0.15103,0.01538,0.79793,0.01333,0.94531,0.16532,0.97274,0.28576,0.94192,0.44081,0.97405,0.61267,1,0.76473,1,0.88792,0.86786,0.94335,0.74876,0.98561,0.45953,0.98992,0.16241,0.96121,0.01407,0.87354,0.09083,0.64552,0.00384,0.45496,0,0.2987,0,0.16942,0.5007,0.16525,0.82707,0.15293,0.88377,0.38147,0.82777,0.66892,0.81541,0.81811,0.29381,0.19605,0.6994,0.3861,0.19985,0.49886,0.56572,0.669,0.28756,0.63647,0.43091,0.38921],"triangles":[9,22,8,10,26,22,10,22,9,22,7,8,22,21,7,24,19,20,21,6,7,21,5,6,5,20,4,4,20,19,28,23,18,23,15,16,28,18,24,25,15,23,25,23,28,11,27,26,22,26,21,27,28,26,26,24,21,26,28,24,21,20,5,21,24,20,27,25,28,23,17,1,17,0,1,17,23,16,24,18,19,4,19,3,23,1,18,18,2,19,18,1,2,3,19,2,12,27,11,11,26,10,13,14,12,12,14,27,14,25,27,14,15,25],"vertices":[3,2,90.26,38.6,0.00489,5,41.8,43.13,0.73111,33,38.53,13.54,0.264,3,2,96.53,26.82,4.0E-5,5,49.25,32.05,0.58764,33,45.98,2.47,0.41232,2,5,54.52,-27.88,0.504,34,39.49,-1.39,0.496,2,5,35.66,-43.2,0.504,34,20.64,-16.72,0.496,2,5,20.03,-47.06,0.504,34,5.01,-20.58,0.496,2,5,-0.6,-45.91,0.576,34,-15.63,-19.42,0.424,2,2,16.19,-48.14,0.512,34,-37.99,-24.29,0.488,3,2,-3.93,-50.16,0.37088,34,-57.79,-28.36,0.38912,35,4.89,-47.69,0.24,3,2,-20.18,-49.83,0.2873,34,-73.99,-29.71,0.2487,35,-11.37,-47.36,0.464,3,2,-27.26,-37.4,0.40704,34,-82.31,-18.07,0.07296,35,-18.44,-34.93,0.52,2,2,-32.61,-26.22,0.52,35,-23.8,-23.75,0.48,2,2,-32.65,0.69,0.68,35,-23.84,3.16,0.32,2,2,-28.32,28.24,0.848,35,-19.5,30.71,0.152,1,2,-16.47,41.8,1,3,2,13.48,34.07,0.88924,5,-34.11,30.73,0.00675,33,-37.38,1.14,0.104,3,2,37.81,42.93,0.40034,5,-10.81,42.04,0.14366,33,-14.09,12.45,0.456,3,2,59.42,41.61,0.13272,5,10.82,42.95,0.45928,33,7.54,13.36,0.408,3,2,76.48,41.27,0.01314,5,27.82,44.36,0.57886,33,24.55,14.77,0.408,3,5,32.24,-2,0.63676,3,42.51,23.84,0.00324,33,28.97,-31.58,0.36,2,5,36.38,-32.11,0.504,34,21.35,-5.62,0.496,4,2,46.87,-40.35,2.0E-5,5,6.75,-39.87,0.03191,3,13.27,-11.21,0.47207,34,-8.27,-13.38,0.496,4,2,9.03,-34.39,0.05757,3,-24.56,-5.25,0.62608,34,-46.52,-11.35,0.10035,35,17.85,-31.92,0.216,4,2,-10.63,-32.85,0.36014,3,-44.23,-3.71,0.12728,34,-66.24,-11.84,0.02458,35,-1.82,-30.38,0.488,3,2,72.42,14.02,0.00497,5,26.59,16.84,0.41103,33,23.32,-12.75,0.584,5,2,46.6,-23.2,0.00151,5,4.72,-22.83,0.07482,3,13,5.94,0.45372,33,1.45,-52.42,0.27795,34,-10.3,3.65,0.192,4,2,32.63,23.55,0.25269,5,-13.97,22.23,0.05847,3,-0.96,52.69,0.50003,33,-17.24,-7.36,0.18881,4,2,9.51,-10.03,0.06804,3,-24.09,19.11,0.57197,33,-36.8,-43.13,0.16,35,18.32,-7.56,0.2,4,2,14.31,15.75,0.18625,5,-31.4,12.59,0.00971,3,-19.28,44.89,0.57204,33,-34.67,-17,0.232,4,2,46.68,1.78,0.04413,5,2.24,2.02,0.10158,3,13.09,30.92,0.32533,33,-1.03,-27.57,0.52896],"hull":18,"edges":[0,2,2,4,4,6,6,8,8,10,14,16,16,18,18,20,20,22,22,24,24,26,26,28,28,30,30,32,32,34,10,12,12,14,0,34],"width":93,"height":132}},"frontfoot":{"frontboots":{"name":"frontboots2","type":"mesh","uvs":[1,0.7565,1,1,0,1,0,0.84338,0,0.76085,0,0,0.79969,0,1,0,0.77442,0.60447,0.88183,0.66094,0.47115,0.69569],"triangles":[9,8,7,0,9,7,9,0,1,10,8,9,1,10,9,2,10,1,2,3,10,3,4,10,6,10,5,7,8,6,8,10,6,4,5,10],"vertices":[1,7,24.21,7.05,1,2,10,58.62,26.36,4.1E-4,7,30.03,-7.41,0.99959,2,10,62.51,-17.47,0.248,7,-10.8,-23.82,0.752,2,10,52.53,-18.35,0.50624,7,-14.54,-14.52,0.49376,1,10,47.27,-18.82,1,2,10,-1.24,-23.12,0.99496,7,-34.67,35.56,0.00504,2,10,-4.35,11.93,1,7,-2.02,48.68,0,1,10,-5.13,20.7,1,2,10,34.29,14.24,0.23686,7,11.38,12.37,0.76314,2,10,37.47,19.26,0.0751,7,17.11,10.78,0.9249,2,10,41.28,1.46,0.71252,7,1.17,1.98,0.28748],"hull":8,"edges":[2,4,10,12,12,14,2,0,0,14,4,6,6,8,8,10],"width":44,"height":64}},"head":{"head":{"name":"head2","type":"mesh","uvs":[1,0.24,1,0.58916,1,0.86905,1,1,0.89525,1,0.49996,1,0,1,0,0.96176,0,0.40179,0,0,0.40137,0,0.71144,0,1,0,0.33057,0.96215,0.1297,0.07443,0.91101,0.53182,0.66301,0.52576,0.88886,0.69259,0.3678,0.65937,0.37448,0.4316,0.50947,0.23825,0.81036,0.23636,0.95673,0.30435,0.73116,0.8586],"triangles":[23,17,2,18,16,23,16,21,15,17,16,15,23,16,17,17,15,1,16,20,21,5,23,4,4,2,3,17,1,2,14,9,10,21,11,12,20,10,11,20,11,21,21,12,0,22,21,0,8,9,14,20,19,14,20,14,10,8,14,19,19,20,16,18,8,19,18,19,16,7,8,18,13,7,18,5,13,18,6,7,13,23,5,18,6,13,5,22,0,1,15,22,1,15,21,22,4,23,2],"vertices":[1,13,70.93,-50.53,1,1,13,36.04,-51.79,1,1,13,8.07,-52.8,1,1,13,-5.02,-53.28,1,1,13,-5.37,-43.75,1,1,13,-6.66,-7.8,1,1,13,-8.31,37.67,1,1,13,-4.48,37.8,1,1,13,51.48,39.82,1,1,13,91.63,41.27,1,2,13,92.95,4.77,0.97957,20,69.57,36.55,0.02043,2,13,93.97,-23.42,0.81632,20,70.58,8.35,0.18368,2,13,94.91,-49.67,0.69894,20,71.51,-17.9,0.30106,1,13,-3.44,7.74,1,1,13,84.62,29.21,1,2,13,41.47,-43.49,0.216,20,18.08,-11.7,0.784,2,13,41.27,-20.92,0.26404,20,17.88,10.88,0.73596,2,13,25.34,-42.06,0.07684,20,1.94,-10.25,0.92316,1,13,26.94,5.45,1,1,13,49.73,5.66,1,2,13,69.49,-5.92,0.67313,20,46.11,25.87,0.32687,2,13,70.67,-33.27,0.72,20,47.28,-1.49,0.28,1,13,64.36,-46.83,1,2,13,8.23,-28.32,0.20229,20,-15.16,3.5,0.79771],"hull":13,"edges":[18,20,20,22,22,24,0,24,0,2,2,4,4,6,6,8,8,10,10,12,12,14,14,16,16,18],"width":91,"height":100}},"rear_shield":{"rear_shield":{"type":"mesh","uvs":[1,0.31318,1,0.50533,1,0.67347,1,1,0.55522,1,0.4058,1,0,1,0,0.69749,0,0.48665,0,0,0.38307,0,0.62018,0,1,0,0.13946,0.10502,0.26289,0.04096,0.84429,0.09167,0.92874,0.80424,0.78908,0.93501,0.17519,0.92433,0.05177,0.23045,0.5069,0.02072,0.75419,0.13772,0.87294,0.33648,0.91607,0.5055,0.87459,0.68406,0.8099,0.81083,0.67387,0.91578,0.51234,0.97805,0.45449,0.49344],"triangles":[21,11,15,28,5,18,4,27,26,17,26,25,26,28,25,25,24,16,24,25,28,21,15,22,28,20,21,23,22,0,23,28,22,24,23,2,22,28,21,23,24,28,20,11,21,28,10,20,26,27,28,27,5,28,5,27,4,23,1,2,1,23,0,20,10,11,22,15,0,16,24,2,15,12,0,15,11,12,19,9,13,8,9,19,7,8,28,18,7,28,6,7,18,6,18,5,16,2,3,3,17,16,4,26,17,3,4,17,8,19,28,19,13,28,13,9,14,13,14,28,14,9,10,14,10,28,17,25,16],"vertices":[2,25,64.06,26.43,0.85453,26,56.82,17.78,0.14547,2,25,64.06,-3.74,0.68827,26,56.82,-12.39,0.31173,2,25,64.06,-30.13,0.91757,26,56.82,-38.78,0.08243,2,25,64.06,-81.4,0.82144,26,56.82,-90.05,0.17856,2,25,6.68,-81.4,0.73744,26,-0.56,-90.05,0.26256,2,25,-12.59,-81.4,0.17754,26,-19.83,-90.05,0.82246,1,25,-64.94,-81.4,1,2,25,-64.94,-33.91,0.99767,26,-72.18,-42.55,0.00233,1,25,-64.94,-0.8,1,1,25,-64.94,75.6,1,2,25,-15.52,75.6,0.74228,26,-22.77,66.95,0.25772,2,25,15.06,75.6,0.672,26,7.82,66.95,0.328,2,25,64.06,75.6,0.472,26,56.82,66.95,0.528,2,25,-46.95,59.11,0.904,26,-54.19,50.46,0.096,2,25,-31.03,69.17,0.704,26,-38.27,60.52,0.296,2,25,43.98,61.21,0.752,26,36.73,52.56,0.248,2,25,54.87,-50.67,0.87246,26,47.63,-59.31,0.12754,2,25,36.85,-71.2,0.94684,26,29.61,-79.85,0.05316,2,25,-42.34,-69.52,0.696,26,-49.58,-78.17,0.304,2,25,-58.26,39.42,0.96,26,-65.5,30.77,0.04,2,25,0.45,72.35,0.11084,26,-6.79,63.7,0.88916,1,26,25.11,45.33,1,1,26,40.43,14.12,1,1,26,45.99,-12.41,1,1,26,40.64,-40.45,1,1,26,32.29,-60.35,1,2,25,21.99,-68.18,0.072,26,14.75,-76.83,0.928,2,25,1.15,-77.95,0.208,26,-6.09,-86.6,0.792,2,25,-6.31,-1.87,0.496,26,-13.55,-10.52,0.504],"hull":13,"edges":[18,20,20,22,22,24,0,24,0,2,2,4,4,6,6,8,8,10,10,12,12,14,14,16,16,18],"width":129,"height":157}},"rearfoot":{"rearboots":{"name":"rearboots2","type":"mesh","uvs":[1,0.73288,1,1,0,1,0,0.90895,0,0.82555,0,0,0.71816,0,1,0,0.70658,0.60778,0.78766,0.64948,0.45174,0.70971],"triangles":[2,3,10,9,0,1,1,10,9,2,10,1,9,7,0,6,10,5,7,8,6,9,8,7,8,10,6,4,5,10,10,8,9,3,4,10],"vertices":[2,30,35.95,29.14,0.04123,27,28.76,8.87,0.95877,1,27,30.7,-7.04,1,2,30,56.67,-17.03,0.16575,27,-16.95,-12.83,0.83425,2,30,51.23,-17.57,0.25833,27,-17.61,-7.41,0.74167,2,30,46.26,-18.07,0.984,27,-18.22,-2.44,0.016,1,30,-3.03,-23,1,2,30,-6.46,11.3,0.99211,27,10.03,50.89,0.00789,1,30,-7.81,24.77,1,2,30,29.88,14.38,0.73128,27,13.87,14.62,0.26872,2,30,31.98,18.5,0.10972,27,18.04,12.61,0.89028,2,30,37.18,2.82,0.81483,27,2.47,7.08,0.18517],"hull":8,"edges":[2,4,10,12,12,14,2,0,0,14,4,6,6,8,8,10],"width":48,"height":60}},"swoosh":{"swoosh":{"name":"wind-slap","type":"mesh","uvs":[0.99399,1,0.24058,0.92797,0.0553,0.49479,0,0,1,0,0.72301,0.22947,0.47241,0.0693,0.14835,0.13521,0.29535,0.62855,0.36602,0.65043,0.63274,0.61714,0.99599,0.62589,0.59452,0.92234],"triangles":[6,3,4,7,3,6,2,3,7,8,7,6,2,7,8,1,2,8,1,8,9,1,9,12,5,6,4,5,9,6,9,8,6,10,5,11,5,10,9,12,9,10,11,12,10,11,5,4,0,11,4,0,12,11,1,12,0],"vertices":[2,36,-12.05,28.13,0.94988,37,15.39,-32.15,0.05012,1,39,38.61,27.91,1,1,39,39.21,1.17,1,1,39,39.84,-27.07,1,3,36,-9.99,-29.3,0.9065,37,-17.89,-34.91,0.0935,38,-15.86,-68.75,0,3,36,16.62,14.72,0.05646,37,0.69,-18.84,0.79289,38,-9.27,-39.34,0.15065,3,37,12.31,20.49,0.09655,38,-2.18,-14.38,0.83698,39,15.46,-61.88,0.06648,2,38,-5.74,38.25,0.04227,39,1.53,-9.25,0.95773,2,38,3.58,38.66,0.03761,39,2.68,6.98,0.96239,3,37,-11.61,61.38,0.0898,38,3.2,11.83,0.84453,39,-14.39,-14.34,0.06566,3,36,-31.46,78.4,0.05902,37,-2.16,23.3,0.80508,38,15.96,-27.57,0.13589,2,36,8.06,-18.36,0.587,37,-12.91,-36.29,0.413,3,36,-10.34,46.68,0.60562,37,11.89,-13.11,0.39433,38,29.12,-49.66,5.0E-5],"hull":5,"edges":[0,2,6,8,0,8,2,4,4,6],"width":206,"height":172}},"swoosh2":{"swoosh":{"name":"wind-slap","type":"mesh","uvs":[1,1,0.20733,0.94962,0.05132,0.42162,0,0,1,0,0.85115,0.41673,0.61162,0.17875,0.2406,0.07189,0.28632,0.63089,0.39113,0.63718,0.47349,0.75029,0.97752,0.68326,0.53157,0.93651],"triangles":[7,3,4,6,7,4,2,3,7,9,8,7,2,7,8,1,2,8,8,9,10,10,1,8,5,6,4,6,9,7,5,9,6,10,9,5,11,10,5,12,10,11,12,1,10,11,5,4,0,11,4,12,11,0,1,12,0],"vertices":[2,40,-12.05,28.13,0.94988,41,15.39,-32.15,0.05012,1,43,38.61,27.91,1,1,43,39.21,1.17,1,1,43,39.84,-27.07,1,3,40,-9.99,-29.3,0.9065,41,-17.89,-34.91,0.0935,42,-15.86,-68.75,0,3,40,16.62,14.72,0.05646,41,0.69,-18.84,0.79289,42,-9.27,-39.34,0.15065,3,41,12.31,20.49,0.09655,42,-2.18,-14.38,0.83698,43,15.46,-61.88,0.06648,2,42,-5.74,38.25,0.04227,43,1.53,-9.25,0.95773,2,42,3.58,38.66,0.03761,43,2.68,6.98,0.96239,3,41,-11.61,61.38,0.0898,42,3.2,11.83,0.84453,43,-14.39,-14.34,0.06566,3,40,-31.46,78.4,0.05902,41,-2.16,23.3,0.80508,42,15.96,-27.57,0.13589,2,40,8.06,-18.36,0.587,41,-12.91,-36.29,0.413,3,40,-10.34,46.68,0.60562,41,11.89,-13.11,0.39433,42,29.12,-49.66,5.0E-5],"hull":5,"edges":[0,2,6,8,0,8,2,4,4,6],"width":206,"height":172}},"weapon":{"weapon":{"name":"sword1","x":56.56,"y":-0.31,"rotation":92.59,"width":74,"height":228}}}},"events":{"splash":{}},"animations":{"dash":{"slots":{"rearhand":{"attachment":[{"time":0.1,"name":"rear_hand_shield2"},{"time":0.6333,"name":"rear_hand_shield"}]},"swoosh2":{"attachment":[{"time":0,"name":"swoosh"},{"time":0.6667,"name":null}]},"sword1_":{"attachment":[{"time":0,"name":null}]}},"bones":{"hip":{"translate":[{"time":0,"x":0.17,"y":-12.49,"curve":[0.173,0.11,0.75,1]},{"time":0.0667,"x":-29.78,"y":-19.39,"curve":[0.25,0,0.75,1]},{"time":0.1333,"x":35.79,"y":-15.54,"curve":[0.477,0.44,0.922,0.93]},{"time":0.6,"x":51.57,"y":-32.52,"curve":[0.477,0.44,0.922,0.93]},{"time":0.8667,"x":0.17,"y":-12.49}]},"rearGround":{"translate":[{"time":0,"x":23.04,"y":-0.38,"curve":"stepped"},{"time":0.0667,"x":23.04,"y":-0.38},{"time":0.1,"x":49.77,"y":22.1},{"time":0.1333,"x":75.88,"y":-1.29,"curve":"stepped"},{"time":0.6333,"x":75.88,"y":-1.29},{"time":0.8667,"x":23.04,"y":-0.38}]},"spine1":{"rotate":[{"time":0,"angle":-8.16}]},"spine2":{"rotate":[{"time":0,"angle":5.28},{"time":0.0667,"angle":12.23},{"time":0.1333,"angle":-10.74},{"time":0.5,"angle":1.42},{"time":0.8667,"angle":5.28}]},"frontarm":{"rotate":[{"time":0,"angle":-15.32,"curve":[0.248,0,0.628,0.52]},{"time":0.0667,"angle":-34.21,"curve":[0.378,0.52,0.748,1]},{"time":0.4333,"angle":-59.81,"curve":[0.25,0,0.75,1]},{"time":0.8667,"angle":-15.32}],"translate":[{"time":0,"x":0,"y":0},{"time":0.4333,"x":0.06,"y":-2.31},{"time":0.8667,"x":0,"y":0}]},"fronthand":{"rotate":[{"time":0,"angle":16.87},{"time":0.0667,"angle":6.51},{"time":0.4333,"angle":14.38},{"time":0.8667,"angle":16.87}]},"reararm":{"rotate":[{"time":0,"angle":11.31,"curve":[0.242,0,0.67,0.68]},{"time":0.0667,"angle":4.38,"curve":[0.378,0.6,0.722,1]},{"time":0.1333,"angle":45.84,"curve":[0.315,0.27,0.757,1]},{"time":0.6333,"angle":62.55,"curve":[0.374,0.49,0.751,1]},{"time":0.8667,"angle":11.31}],"translate":[{"time":0,"x":0,"y":0},{"time":0.0667,"x":-0.48,"y":2.51},{"time":0.1333,"x":1.23,"y":-6.32},{"time":0.8667,"x":0,"y":0}]},"rearhand":{"rotate":[{"time":0,"angle":57.49},{"time":0.1333,"angle":44.18},{"time":0.6,"angle":28.56},{"time":0.8667,"angle":57.49}],"scale":[{"time":0.8667,"x":1,"y":1}]},"head":{"rotate":[{"time":0,"angle":2.36,"curve":[0.254,0,0.62,0.47]},{"time":0.0667,"angle":-0.36,"curve":[0.344,0.37,0.699,0.77]},{"time":0.1333,"angle":14.89,"curve":[0.374,0.62,0.714,1]},{"time":0.5,"angle":7.83,"curve":[0.25,0,0.75,1]},{"time":0.8667,"angle":2.36}]},"headcenter":{"translate":[{"time":0,"x":0,"y":0},{"time":0.4333,"x":0.05,"y":-1.87,"curve":[0.25,0,0.75,1]},{"time":0.8667,"x":0,"y":0}]},"bodycenter":{"translate":[{"time":0,"x":0,"y":0},{"time":0.4333,"x":-0.41,"y":3.33},{"time":0.8667,"x":0,"y":0}]},"head3":{"rotate":[{"time":0,"angle":0,"curve":[0.25,0,0.75,1]},{"time":0.0667,"angle":5.33,"curve":[0.26,0,0.618,0.44]},{"time":0.4,"angle":-37.49,"curve":[0.359,0.43,0.756,1]},{"time":0.8667,"angle":0}]},"head4":{"rotate":[{"time":0,"angle":0,"curve":[0.25,0,0.75,1]},{"time":0.0667,"angle":-3.95,"curve":[0.267,0,0.618,0.42]},{"time":0.1333,"angle":-21.46,"curve":[0.347,0.38,0.757,1]},{"time":0.8667,"angle":0}]},"head2":{"rotate":[{"time":0,"angle":0,"curve":[0.25,0,0.75,1]},{"time":0.0667,"angle":-7.95,"curve":[0.267,0,0.618,0.42]},{"time":0.1333,"angle":31.44,"curve":[0.347,0.38,0.757,1]},{"time":0.8667,"angle":0}]},"head5":{"rotate":[{"time":0,"angle":0,"curve":[0.25,0,0.75,1]},{"time":0.0667,"angle":-3.88,"curve":[0.267,0,0.618,0.42]},{"time":0.1333,"angle":-16.05,"curve":[0.347,0.38,0.757,1]},{"time":0.8667,"angle":0}]},"head6":{"rotate":[{"time":0,"angle":0,"curve":[0.25,0,0.75,1]},{"time":0.4333,"angle":-3.88,"curve":[0.25,0,0.75,1]},{"time":0.8667,"angle":0}]},"head9":{"translate":[{"time":0,"x":0,"y":0,"curve":[0.25,0,0.75,1]},{"time":0.4333,"x":0,"y":2.94,"curve":[0.25,0,0.75,1]},{"time":0.8667,"x":0,"y":0}]},"headcenter2":{"translate":[{"time":0,"x":0,"y":0},{"time":0.0667,"x":-5.06,"y":-0.03},{"time":0.8667,"x":0,"y":0}]},"rear_shield_center":{"translate":[{"time":0.0667,"x":0,"y":0},{"time":0.1,"x":-7.03,"y":-0.8},{"time":0.1333,"x":-21.99,"y":-1.56,"curve":"stepped"},{"time":0.6,"x":-21.99,"y":-1.56},{"time":0.7,"x":0,"y":0}]},"rear_shield":{"translate":[{"time":0,"x":0,"y":0},{"time":0.1,"x":-0.67,"y":-1.03},{"time":0.1333,"x":-2,"y":3.05},{"time":0.6,"x":0.9,"y":-0.92},{"time":0.7,"x":-0.09,"y":3.3},{"time":0.8667,"x":0,"y":0}],"scale":[{"time":0.1,"x":1,"y":1},{"time":0.1333,"x":0.774,"y":1,"curve":"stepped"},{"time":0.6,"x":0.774,"y":1},{"time":0.7,"x":1,"y":1}]},"spine4":{"translate":[{"time":0,"x":0,"y":0},{"time":0.1333,"x":2.65,"y":-13.65},{"time":0.4333,"x":2.94,"y":-14.9},{"time":0.8667,"x":0,"y":0}]},"shadow":{"translate":[{"time":0.0667,"x":0,"y":0},{"time":0.1333,"x":18.02,"y":0,"curve":"stepped"},{"time":0.6333,"x":18.02,"y":0},{"time":0.8667,"x":0,"y":0}],"scale":[{"time":0,"x":1,"y":1,"curve":"stepped"},{"time":0.0667,"x":1,"y":1},{"time":0.1333,"x":1.39,"y":1,"curve":"stepped"},{"time":0.6333,"x":1.39,"y":1},{"time":0.8667,"x":1,"y":1}]},"swoosh5":{"rotate":[{"time":0,"angle":0},{"time":0.1333,"angle":-5.33},{"time":0.5667,"angle":-357.43},{"time":0.6667,"angle":0}],"translate":[{"time":0,"x":12.68,"y":0}],"scale":[{"time":0,"x":0.801,"y":1},{"time":0.2,"x":1.145,"y":3.782},{"time":0.6667,"x":0.592,"y":1}]},"swoosh7":{"rotate":[{"time":0,"angle":0},{"time":0.1333,"angle":-5.33},{"time":0.5667,"angle":2.57},{"time":0.6667,"angle":0}],"scale":[{"time":0,"x":0.801,"y":1},{"time":0.2,"x":1.214,"y":1},{"time":0.6667,"x":0.592,"y":1}]},"swoosh6":{"rotate":[{"time":0,"angle":0},{"time":0.1333,"angle":-5.33},{"time":0.5667,"angle":2.57},{"time":0.6667,"angle":0}],"scale":[{"time":0,"x":0.801,"y":1},{"time":0.2,"x":1.214,"y":1.175},{"time":0.6667,"x":0.592,"y":1}]},"swoosh8":{"rotate":[{"time":0,"angle":0},{"time":0.1333,"angle":-5.33},{"time":0.5667,"angle":2.57},{"time":0.6667,"angle":0}],"scale":[{"time":0,"x":0.801,"y":1},{"time":0.2,"x":1.214,"y":1},{"time":0.6667,"x":0.592,"y":1}]},"spine5":{"translate":[{"time":0,"x":0,"y":0},{"time":0.4667,"x":-1.7,"y":19.87},{"time":0.8667,"x":0,"y":0}]}},"deform":{"skin1":{"swoosh2":{"swoosh":[{"time":0.6667}]}}}},"dodge":{"slots":{"sword1_":{"attachment":[{"time":0,"name":null},{"time":0.6333,"name":null}]}},"bones":{"hip":{"rotate":[{"time":0,"angle":0},{"time":0.1333,"angle":-36.47},{"time":0.3,"angle":-111.34},{"time":0.4333,"angle":91.75},{"time":0.6333,"angle":0,"curve":"stepped"},{"time":0.9,"angle":0}],"translate":[{"time":0,"x":3.43,"y":-13.8,"curve":[0.313,0.28,0.647,0.61]},{"time":0.1667,"x":17.97,"y":19.79,"curve":[0.301,0.27,0.636,0.6]},{"time":0.5,"x":-27.68,"y":-11.45,"curve":[0.318,0.31,0.652,0.64]},{"time":0.6333,"x":33.96,"y":-29.31,"curve":[0.304,0.29,0.639,0.62]},{"time":0.9,"x":3.43,"y":-13.8}]},"rearGround":{"rotate":[{"time":0,"angle":0},{"time":0.1667,"angle":-53.33},{"time":0.3,"angle":-143.12},{"time":0.3667,"angle":68.87},{"time":0.4,"angle":22.6},{"time":0.5333,"angle":-9.68},{"time":0.6333,"angle":0,"curve":"stepped"},{"time":0.9,"angle":0}],"translate":[{"time":0,"x":23.04,"y":-0.38,"curve":"stepped"},{"time":0.0667,"x":23.04,"y":-0.38},{"time":0.1,"x":-9.07,"y":14.31},{"time":0.1667,"x":-71.4,"y":45.57},{"time":0.3,"x":-108.66,"y":100.15},{"time":0.3667,"x":22.6,"y":175.8},{"time":0.4,"x":37.83,"y":98.76},{"time":0.4333,"x":-2.8,"y":21.83},{"time":0.6333,"x":23.04,"y":-0.38,"curve":"stepped"},{"time":0.9,"x":23.04,"y":-0.38}]},"frontGround":{"rotate":[{"time":0,"angle":0},{"time":0.2,"angle":-96.74},{"time":0.3333,"angle":104.11},{"time":0.4333,"angle":5.72},{"time":0.6333,"angle":0,"curve":"stepped"},{"time":0.9,"angle":0}],"translate":[{"time":0,"x":-3.92,"y":0},{"time":0.1333,"x":-45.37,"y":56.78},{"time":0.2,"x":-48.32,"y":143.01},{"time":0.2667,"x":-21.08,"y":194.09},{"time":0.3333,"x":88.85,"y":210.74},{"time":0.3667,"x":145.89,"y":66.17},{"time":0.5,"x":48.14,"y":3.36},{"time":0.6333,"x":-3.92,"y":0,"curve":"stepped"},{"time":0.9,"x":-3.92,"y":0}]},"spine1":{"rotate":[{"time":0,"angle":-8.16},{"time":0.2,"angle":-47.48},{"time":0.3,"angle":-47.81},{"time":0.6333,"angle":-8.16},{"time":0.7333,"angle":-13.78},{"time":0.9,"angle":-8.16}]},"head3":{"rotate":[{"time":0,"angle":0,"curve":[0.279,0,0.622,0.39]},{"time":0.1667,"angle":32.18,"curve":[0.328,0.32,0.672,0.68]},{"time":0.5,"angle":0,"curve":[0.26,0,0.618,0.44]},{"time":0.6667,"angle":-40.42,"curve":[0.382,0.56,0.74,1]},{"time":0.9,"angle":0}]},"head2":{"rotate":[{"time":0,"angle":0,"curve":[0.279,0,0.622,0.39]},{"time":0.1667,"angle":139.67,"curve":[0.328,0.32,0.672,0.68]},{"time":0.5,"angle":83.6,"curve":[0.26,0,0.618,0.44]},{"time":0.7667,"angle":-31.76,"curve":[0.382,0.56,0.74,1]},{"time":0.9,"angle":0}]},"head9":{"translate":[{"time":0,"x":0,"y":0,"curve":[0.243,0,0.689,0.75]},{"time":0.6,"x":0.15,"y":9.39,"curve":[0.371,0.62,0.71,1]},{"time":0.9,"x":0,"y":0}]},"headcenter":{"translate":[{"time":0,"x":0,"y":0},{"time":0.6,"x":-0.15,"y":-7.63},{"time":0.9,"x":0,"y":0}]},"spine2":{"rotate":[{"time":0,"angle":5.28},{"time":0.2,"angle":-41.89},{"time":0.3,"angle":-57.16},{"time":0.6333,"angle":5.28},{"time":0.7333,"angle":-0.33},{"time":0.9,"angle":5.28}]},"rearhand":{"rotate":[{"time":0,"angle":57.49},{"time":0.1,"angle":31.92},{"time":0.2,"angle":82.51},{"time":0.3,"angle":104.34},{"time":0.4,"angle":74.3},{"time":0.6,"angle":27.12},{"time":0.6333,"angle":49.05,"curve":"stepped"},{"time":0.8,"angle":49.05},{"time":0.9,"angle":57.49}],"scale":[{"time":0,"x":1,"y":1},{"time":0.1,"x":0.82,"y":1},{"time":0.9,"x":1,"y":1}]},"head":{"rotate":[{"time":0,"angle":2.36,"curve":[0.262,0,0.618,0.44]},{"time":0.2,"angle":-67.46,"curve":[0.328,0.32,0.663,0.66]},{"time":0.3,"angle":-72.71,"curve":[0.373,0.49,0.751,1]},{"time":0.6333,"angle":2.36,"curve":[0.297,0,0.634,0.37]},{"time":0.7333,"angle":19.01,"curve":[0.301,0.21,0.643,0.58]},{"time":0.9,"angle":2.36}]},"frontarm":{"rotate":[{"time":0,"angle":-15.32,"curve":[0.284,0,0.625,0.38]},{"time":0.1,"angle":-338.41,"curve":[0.302,0.23,0.665,0.66]},{"time":0.4,"angle":-1.79,"curve":[0.382,0.56,0.738,1]},{"time":0.6333,"angle":-22.43,"curve":[0.243,0,0.68,0.71]},{"time":0.7333,"angle":-28.45,"curve":[0.375,0.62,0.716,1]},{"time":0.9,"angle":-15.32}],"translate":[{"time":0,"x":0,"y":0,"curve":"stepped"},{"time":0.9,"x":0,"y":0}]},"head4":{"rotate":[{"time":0,"angle":0,"curve":[0.279,0,0.622,0.39]},{"time":0.1667,"angle":-42.08,"curve":[0.328,0.32,0.672,0.68]},{"time":0.5,"angle":-44.31,"curve":[0.26,0,0.618,0.44]},{"time":0.6333,"angle":-110.92,"curve":[0.329,0.32,0.671,0.68]},{"time":0.7667,"angle":16.78,"curve":[0.382,0.56,0.74,1]},{"time":0.9,"angle":0}]},"reararm":{"rotate":[{"time":0,"angle":11.31,"curve":[0.3,0,0.636,0.36]},{"time":0.1,"angle":33.53,"curve":[0.322,0.28,0.656,0.61]},{"time":0.2,"angle":78.58,"curve":[0.328,0.32,0.663,0.66]},{"time":0.3,"angle":77.84,"curve":[0.336,0.34,0.673,0.69]},{"time":0.4,"angle":136.75,"curve":[0.348,0.39,0.685,0.73]},{"time":0.5333,"angle":119.7,"curve":[0.355,0.45,0.691,0.79]},{"time":0.6667,"angle":34.63,"curve":[0.27,0,0.619,0.41]},{"time":0.7333,"angle":20.96,"curve":"stepped"},{"time":0.8,"angle":20.96,"curve":[0.327,0.31,0.661,0.65]},{"time":0.9,"angle":11.31}],"translate":[{"time":0,"x":0,"y":0,"curve":"stepped"},{"time":0.9,"x":0,"y":0}]},"head6":{"rotate":[{"time":0,"angle":0,"curve":[0.279,0,0.622,0.39]},{"time":0.1667,"angle":14.94,"curve":[0.328,0.31,0.758,1]},{"time":0.5,"angle":0,"curve":[0.26,0,0.618,0.44]},{"time":0.6333,"angle":-19.96,"curve":[0.382,0.56,0.74,1]},{"time":0.9,"angle":0}]},"bodycenter":{"translate":[{"time":0,"x":0,"y":0,"curve":"stepped"},{"time":0.6333,"x":0,"y":0},{"time":0.7333,"x":-1.19,"y":-8.09},{"time":0.9,"x":0,"y":0}]},"headcenter2":{"translate":[{"time":0,"x":0,"y":0},{"time":0.0333,"x":-8.26,"y":-1.15},{"time":0.4667,"x":-2.94,"y":1.64},{"time":0.6,"x":1.26,"y":0.97},{"time":0.7333,"x":0,"y":0}]},"head5":{"rotate":[{"time":0,"angle":0,"curve":[0.279,0,0.622,0.39]},{"time":0.1667,"angle":-7.47,"curve":[0.357,0.42,0.756,1]},{"time":0.5,"angle":-60.19,"curve":[0.26,0,0.618,0.44]},{"time":0.7667,"angle":19.45,"curve":[0.25,0,0.75,1]},{"time":0.9,"angle":0}]},"fronthand":{"rotate":[{"time":0,"angle":16.87},{"time":0.1,"angle":33.31},{"time":0.5333,"angle":-4.14},{"time":0.6333,"angle":17.29},{"time":0.9,"angle":16.87}]},"rearweapon":{"rotate":[{"time":0,"angle":0,"curve":"stepped"},{"time":0.9,"angle":0}]},"spine3":{"translate":[{"time":0,"x":0,"y":0,"curve":"stepped"},{"time":0.9,"x":0,"y":0}]},"spine4":{"translate":[{"time":0,"x":0,"y":0,"curve":"stepped"},{"time":0.9,"x":0,"y":0}]},"rear_shield":{"rotate":[{"time":0,"angle":0},{"time":0.1,"angle":-14.41},{"time":0.9,"angle":0}],"translate":[{"time":0,"x":0,"y":0},{"time":0.1,"x":8.71,"y":-2.84},{"time":0.9,"x":0,"y":0}],"scale":[{"time":0,"x":1,"y":1},{"time":0.1,"x":0.894,"y":1},{"time":0.9,"x":1,"y":1}]},"rear_shield_center":{"translate":[{"time":0,"x":0,"y":0},{"time":0.1,"x":-14.92,"y":1.54},{"time":0.9,"x":0,"y":0}]},"shadow":{"scale":[{"time":0,"x":1,"y":1},{"time":0.1,"x":0.905,"y":0.874},{"time":0.4333,"x":0.849,"y":0.862},{"time":0.9,"x":1,"y":1}]}}},"hit":{"slots":{"sword1_":{"attachment":[{"time":0,"name":null}]}},"bones":{"hip":{"translate":[{"time":0,"x":0.17,"y":-12.49,"curve":[0.173,0.11,0.75,1]},{"time":0.2333,"x":-21.2,"y":-18.83,"curve":[0.25,0,0.75,1]},{"time":0.4333,"x":-9.02,"y":-7.71,"curve":[0.25,0,0.931,0.93]},{"time":0.6667,"x":0.17,"y":-12.49}]},"rearGround":{"translate":[{"time":0,"x":23.04,"y":-0.38}]},"spine1":{"rotate":[{"time":0,"angle":-8.16},{"time":0.2333,"angle":4.88},{"time":0.6667,"angle":-8.16}]},"spine2":{"rotate":[{"time":0,"angle":5.28},{"time":0.2333,"angle":22.04},{"time":0.6667,"angle":5.28}]},"frontarm":{"rotate":[{"time":0,"angle":-15.32,"curve":[0.25,0,0.75,1]},{"time":0.3333,"angle":-54.44,"curve":[0.25,0,0.75,1]},{"time":0.6667,"angle":-15.32}],"translate":[{"time":0,"x":0,"y":0},{"time":0.3333,"x":1.19,"y":4.18},{"time":0.6667,"x":0,"y":0}]},"fronthand":{"rotate":[{"time":0,"angle":16.87},{"time":0.3333,"angle":14.5},{"time":0.6667,"angle":16.87}]},"reararm":{"rotate":[{"time":0,"angle":11.31,"curve":[0.25,0,0.75,1]},{"time":0.3333,"angle":336.48,"curve":[0.25,0,0.75,1]},{"time":0.6667,"angle":11.31}],"translate":[{"time":0,"x":0,"y":0},{"time":0.3333,"x":-0.57,"y":2.99},{"time":0.6667,"x":0,"y":0}]},"rearhand":{"rotate":[{"time":0,"angle":57.49},{"time":0.3333,"angle":76.07},{"time":0.6667,"angle":57.49}],"scale":[{"time":0,"x":1,"y":1},{"time":0.3333,"x":0.914,"y":1},{"time":0.6667,"x":1,"y":1}]},"head":{"rotate":[{"time":0,"angle":2.36,"curve":[0.25,0,0.75,1]},{"time":0.3333,"angle":12.76,"curve":[0.284,0,0.625,0.38]},{"time":0.6667,"angle":2.36}]},"headcenter":{"translate":[{"time":0,"x":0,"y":0},{"time":0.3333,"x":1.96,"y":7.8,"curve":[0.25,0,0.75,1]},{"time":0.6667,"x":0,"y":0}]},"bodycenter":{"translate":[{"time":0,"x":0,"y":0},{"time":0.3333,"x":0.57,"y":-4.63},{"time":0.6667,"x":0,"y":0}]},"head3":{"rotate":[{"time":0,"angle":0,"curve":[0.25,0,0.75,1]},{"time":0.3333,"angle":-51.17,"curve":[0.25,0,0.75,1]},{"time":0.6667,"angle":0}]},"head4":{"rotate":[{"time":0,"angle":0,"curve":[0.25,0,0.75,1]},{"time":0.3667,"angle":-38.05,"curve":[0.25,0,0.75,1]},{"time":0.6667,"angle":0}]},"head2":{"rotate":[{"time":0,"angle":0,"curve":[0.25,0,0.75,1]},{"time":0.2333,"angle":33.49,"curve":[0.25,0,0.75,1]},{"time":0.6667,"angle":0}]},"head5":{"rotate":[{"time":0,"angle":0,"curve":[0.25,0,0.75,1]},{"time":0.3333,"angle":-37.91,"curve":[0.25,0,0.75,1]},{"time":0.6667,"angle":0}]},"head6":{"rotate":[{"time":0,"angle":0,"curve":[0.25,0,0.75,1]},{"time":0.3333,"angle":-3.88,"curve":[0.25,0,0.75,1]},{"time":0.6667,"angle":0}]},"head9":{"translate":[{"time":0,"x":0,"y":0,"curve":[0.25,0,0.75,1]},{"time":0.3333,"x":-0.99,"y":-4.1,"curve":[0.25,0,0.75,1]},{"time":0.6667,"x":0,"y":0}]},"headcenter2":{"translate":[{"time":0,"x":0,"y":0},{"time":0.2333,"x":-1.35,"y":0.93},{"time":0.6667,"x":0,"y":0}]},"rear_shield_center":{"translate":[{"time":0,"x":0,"y":0},{"time":0.3333,"x":-9.22,"y":-1.05},{"time":0.6667,"x":0,"y":0}]},"rear_shield":{"translate":[{"time":0,"x":0,"y":0},{"time":0.3333,"x":5.21,"y":0.21},{"time":0.6667,"x":0,"y":0}]},"spine3":{"translate":[{"time":0,"x":0,"y":0},{"time":0.3333,"x":6.39,"y":24.34},{"time":0.6667,"x":0,"y":0}]},"spine5":{"translate":[{"time":0,"x":0,"y":0},{"time":0.3667,"x":3.25,"y":-30.77},{"time":0.6667,"x":0,"y":0}]}}},"idle":{"slots":{"sword1_":{"attachment":[{"time":0,"name":null}]}},"bones":{"hip":{"translate":[{"time":0,"x":0.17,"y":-12.49,"curve":[0.173,0.11,0.75,1]},{"time":0.5,"x":12.17,"y":-13.9,"curve":[0.25,0,0.75,1]},{"time":1.1667,"x":-9.02,"y":-7.71,"curve":[0.25,0,0.931,0.93]},{"time":1.6667,"x":0.17,"y":-12.49}]},"rearGround":{"translate":[{"time":0,"x":23.04,"y":-0.38}]},"spine1":{"rotate":[{"time":0,"angle":-8.16}]},"spine2":{"rotate":[{"time":0,"angle":5.28},{"time":1,"angle":1.42},{"time":1.6667,"angle":5.28}]},"frontarm":{"rotate":[{"time":0,"angle":-15.32,"curve":[0.25,0,0.75,1]},{"time":0.8333,"angle":-7.86,"curve":[0.25,0,0.75,1]},{"time":1.6667,"angle":-15.32}],"translate":[{"time":0,"x":0,"y":0},{"time":0.8333,"x":0.06,"y":-2.31},{"time":1.6667,"x":0,"y":0}]},"fronthand":{"rotate":[{"time":0,"angle":16.87},{"time":0.8333,"angle":14.5},{"time":1.6667,"angle":16.87}]},"reararm":{"rotate":[{"time":0,"angle":11.31,"curve":[0.25,0,0.75,1]},{"time":0.8333,"angle":2.94,"curve":[0.25,0,0.75,1]},{"time":1.6667,"angle":11.31}],"translate":[{"time":0,"x":0,"y":0},{"time":0.8333,"x":-0.57,"y":2.99},{"time":1.6667,"x":0,"y":0}]},"rearhand":{"rotate":[{"time":0,"angle":57.49},{"time":0.8333,"angle":66.14},{"time":1.6667,"angle":57.49}],"scale":[{"time":0,"x":1,"y":1},{"time":0.8333,"x":0.914,"y":1},{"time":1.6667,"x":1,"y":1}]},"head":{"rotate":[{"time":0,"angle":2.36,"curve":[0.25,0,0.75,1]},{"time":1,"angle":7.83,"curve":[0.25,0,0.75,1]},{"time":1.6667,"angle":2.36}]},"headcenter":{"translate":[{"time":0,"x":0,"y":0},{"time":0.8333,"x":0.05,"y":-1.87,"curve":[0.25,0,0.75,1]},{"time":1.6667,"x":0,"y":0}]},"bodycenter":{"translate":[{"time":0,"x":0,"y":0},{"time":0.8333,"x":0.57,"y":-4.63},{"time":1.6667,"x":0,"y":0}]},"head3":{"rotate":[{"time":0,"angle":0,"curve":[0.25,0,0.75,1]},{"time":0.8333,"angle":5.33,"curve":[0.25,0,0.75,1]},{"time":1.6667,"angle":0}]},"head4":{"rotate":[{"time":0,"angle":0,"curve":[0.25,0,0.75,1]},{"time":0.9667,"angle":-3.95,"curve":[0.25,0,0.75,1]},{"time":1.6667,"angle":0}]},"head2":{"rotate":[{"time":0,"angle":0,"curve":[0.25,0,0.75,1]},{"time":0.6,"angle":-7.95,"curve":[0.25,0,0.75,1]},{"time":1.6667,"angle":0}]},"head5":{"rotate":[{"time":0,"angle":0,"curve":[0.25,0,0.75,1]},{"time":0.8333,"angle":-3.88,"curve":[0.25,0,0.75,1]},{"time":1.6667,"angle":0}]},"head6":{"rotate":[{"time":0,"angle":0,"curve":[0.25,0,0.75,1]},{"time":0.8333,"angle":-3.88,"curve":[0.25,0,0.75,1]},{"time":1.6667,"angle":0}]},"head9":{"translate":[{"time":0,"x":0,"y":0,"curve":[0.25,0,0.75,1]},{"time":0.8333,"x":0,"y":2.94,"curve":[0.25,0,0.75,1]},{"time":1.6667,"x":0,"y":0}]},"headcenter2":{"translate":[{"time":0,"x":0,"y":0},{"time":0.8333,"x":-2.22,"y":0},{"time":1,"x":-1.77,"y":0},{"time":1.0667,"x":-4.52,"y":0},{"time":1.1333,"x":-1.42,"y":0},{"time":1.6667,"x":0,"y":0}]},"rear_shield_center":{"translate":[{"time":0,"x":0,"y":0},{"time":0.8333,"x":-9.22,"y":-1.05},{"time":1.6667,"x":0,"y":0}]},"rear_shield":{"translate":[{"time":0,"x":0,"y":0},{"time":0.8333,"x":5.21,"y":0.21},{"time":1.6667,"x":0,"y":0}]}}},"jerk":{"slots":{"sword1_":{"attachment":[{"time":0,"name":null}]}},"bones":{"hip":{"translate":[{"time":0,"x":0.17,"y":-12.49,"curve":[0.173,0.11,0.75,1]},{"time":0.2333,"x":-23.08,"y":-42.56,"curve":[0.25,0,0.75,1]},{"time":0.3333,"x":35.79,"y":-15.54,"curve":[0.477,0.44,0.922,0.93]},{"time":0.4333,"x":37.9,"y":-19.76,"curve":[0.477,0.44,0.922,0.93]},{"time":0.6,"x":0.17,"y":-12.49}]},"rearGround":{"translate":[{"time":0,"x":23.04,"y":-0.38}]},"spine1":{"rotate":[{"time":0,"angle":-8.16}]},"spine2":{"rotate":[{"time":0,"angle":5.28},{"time":0.1333,"angle":12.23},{"time":0.3,"angle":-10.74},{"time":0.3667,"angle":1.42},{"time":0.6,"angle":5.28}]},"frontarm":{"rotate":[{"time":0,"angle":-15.32,"curve":[0.248,0,0.628,0.52]},{"time":0.1333,"angle":-27.7,"curve":[0.378,0.52,0.748,1]},{"time":0.3333,"angle":-7.86,"curve":[0.265,0,0.631,0.99]},{"time":0.6,"angle":-15.32}],"translate":[{"time":0,"x":0,"y":0},{"time":0.3333,"x":0.06,"y":-2.31},{"time":0.6,"x":0,"y":0}]},"fronthand":{"rotate":[{"time":0,"angle":16.87},{"time":0.1333,"angle":6.51},{"time":0.3333,"angle":14.5},{"time":0.6,"angle":16.87}]},"reararm":{"rotate":[{"time":0,"angle":11.31,"curve":[0.242,0,0.67,0.68]},{"time":0.2,"angle":4.38,"curve":[0.378,0.6,0.722,1]},{"time":0.3,"angle":45.84,"curve":[0.315,0.27,0.757,1]},{"time":0.3333,"angle":63.81,"curve":[0.302,0.23,0.65,0.61]},{"time":0.4333,"angle":73.17,"curve":[0.374,0.49,0.751,1]},{"time":0.6,"angle":11.31}],"translate":[{"time":0,"x":0,"y":0},{"time":0.2,"x":-0.48,"y":2.51},{"time":0.3,"x":1.23,"y":-6.32,"curve":"stepped"},{"time":0.3333,"x":1.23,"y":-6.32},{"time":0.5,"x":0,"y":0}],"scale":[{"time":0.2,"x":1,"y":1},{"time":0.3,"x":1.158,"y":1},{"time":0.3667,"x":1,"y":1},{"time":0.4667,"x":0.818,"y":1},{"time":0.5,"x":1,"y":1}]},"rearhand":{"rotate":[{"time":0,"angle":57.49},{"time":0.2333,"angle":44.18},{"time":0.4,"angle":28.56},{"time":0.6,"angle":57.49}],"scale":[{"time":0,"x":1,"y":1},{"time":0.1333,"x":0.928,"y":1},{"time":0.2333,"x":0.552,"y":1},{"time":0.3,"x":0.938,"y":1},{"time":0.3667,"x":0.96,"y":1},{"time":0.4333,"x":0.818,"y":1},{"time":0.6,"x":1,"y":1}]},"head":{"rotate":[{"time":0,"angle":2.36,"curve":[0.254,0,0.62,0.47]},{"time":0.1,"angle":-0.36,"curve":[0.344,0.37,0.699,0.77]},{"time":0.3,"angle":14.89,"curve":[0.374,0.62,0.714,1]},{"time":0.3667,"angle":7.83,"curve":[0.25,0,0.75,1]},{"time":0.6,"angle":2.36}]},"headcenter":{"translate":[{"time":0,"x":0,"y":0},{"time":0.3333,"x":0.05,"y":-1.87,"curve":[0.25,0,0.75,1]},{"time":0.6,"x":0,"y":0}]},"bodycenter":{"translate":[{"time":0,"x":0,"y":0},{"time":0.3333,"x":-0.41,"y":3.33},{"time":0.6,"x":0,"y":0}]},"head3":{"rotate":[{"time":0,"angle":0,"curve":[0.25,0,0.75,1]},{"time":0.1333,"angle":5.33,"curve":[0.26,0,0.618,0.44]},{"time":0.3,"angle":-37.49,"curve":[0.359,0.43,0.756,1]},{"time":0.6,"angle":0}]},"head4":{"rotate":[{"time":0,"angle":0,"curve":[0.25,0,0.75,1]},{"time":0.1333,"angle":-3.95,"curve":[0.267,0,0.618,0.42]},{"time":0.3,"angle":-21.46,"curve":[0.347,0.38,0.757,1]},{"time":0.6,"angle":0}]},"head2":{"rotate":[{"time":0,"angle":0,"curve":[0.25,0,0.75,1]},{"time":0.1333,"angle":-7.95,"curve":[0.267,0,0.618,0.42]},{"time":0.3,"angle":31.44,"curve":[0.347,0.38,0.757,1]},{"time":0.6,"angle":0}]},"head5":{"rotate":[{"time":0,"angle":0,"curve":[0.25,0,0.75,1]},{"time":0.1333,"angle":-3.88,"curve":[0.267,0,0.618,0.42]},{"time":0.3,"angle":-16.05,"curve":[0.347,0.38,0.757,1]},{"time":0.6,"angle":0}]},"head6":{"rotate":[{"time":0,"angle":0,"curve":[0.25,0,0.75,1]},{"time":0.3333,"angle":-3.88,"curve":[0.25,0,0.75,1]},{"time":0.6,"angle":0}]},"head9":{"translate":[{"time":0,"x":0,"y":0,"curve":[0.25,0,0.75,1]},{"time":0.3333,"x":0,"y":2.94,"curve":[0.25,0,0.75,1]},{"time":0.6,"x":0,"y":0}]},"headcenter2":{"translate":[{"time":0,"x":0,"y":0},{"time":0.1,"x":-5.06,"y":-0.03},{"time":0.6,"x":0,"y":0}]},"rear_shield_center":{"translate":[{"time":0,"x":0,"y":0},{"time":0.1333,"x":-7.03,"y":-0.8},{"time":0.2333,"x":-41.81,"y":3.35},{"time":0.3,"x":-9.22,"y":-1.05},{"time":0.3667,"x":19.27,"y":3.13},{"time":0.4667,"x":18.86,"y":1.86},{"time":0.6,"x":0,"y":0}]},"rear_shield":{"translate":[{"time":0,"x":0,"y":0},{"time":0.1333,"x":5.21,"y":0.21},{"time":0.2333,"x":21.29,"y":-0.58},{"time":0.3,"x":5.21,"y":0.21},{"time":0.3667,"x":-10.88,"y":0.03},{"time":0.4667,"x":-18.65,"y":0.09},{"time":0.6,"x":0,"y":0}]},"spine4":{"translate":[{"time":0,"x":0,"y":0,"curve":"stepped"},{"time":0.2,"x":0,"y":0},{"time":0.3,"x":2.65,"y":-13.65},{"time":0.3333,"x":2.94,"y":-14.9},{"time":0.4333,"x":0,"y":0}]},"shadow":{"scale":[{"time":0,"x":1,"y":1,"curve":"stepped"},{"time":0.1667,"x":1,"y":1},{"time":0.3,"x":1.215,"y":1},{"time":0.6,"x":1,"y":1}]}},"events":[{"time":0.3333,"name":"splash"}]},"kick":{"slots":{"sword1_":{"attachment":[{"time":0,"name":null}]}},"bones":{"hip":{"translate":[{"time":0,"x":0.17,"y":-12.49,"curve":[0.225,0.14,0.577,0.51]},{"time":0.2667,"x":66.36,"y":-4.11,"curve":[0.326,0.33,0.661,0.66]},{"time":0.3333,"x":99.84,"y":-6.17,"curve":[0.332,0.33,0.665,0.67]},{"time":0.5,"x":76.06,"y":-11.45,"curve":[0.333,0.33,0.666,0.67]},{"time":0.6,"x":-0.86,"y":-13.01,"curve":[0.318,0.31,0.652,0.65]},{"time":0.6667,"x":0.17,"y":-12.49}]},"rearGround":{"translate":[{"time":0,"x":23.04,"y":-0.38}]},"spine1":{"rotate":[{"time":0,"angle":-8.16},{"time":0.2333,"angle":-4.31},{"time":0.2667,"angle":11.42},{"time":0.3667,"angle":17.07},{"time":0.6667,"angle":-8.16}]},"spine2":{"rotate":[{"time":0,"angle":5.28},{"time":0.2667,"angle":-8.15},{"time":0.3667,"angle":24.71},{"time":0.6667,"angle":5.28}]},"frontarm":{"rotate":[{"time":0,"angle":-15.32},{"time":0.3,"angle":-28.03},{"time":0.6667,"angle":-15.32}],"translate":[{"time":0,"x":0,"y":0},{"time":0.3,"x":0.06,"y":-18.75},{"time":0.6667,"x":0,"y":0}]},"fronthand":{"rotate":[{"time":0,"angle":16.87},{"time":0.2667,"angle":-10.15},{"time":0.3667,"angle":-31.28},{"time":0.6667,"angle":16.87}]},"reararm":{"rotate":[{"time":0,"angle":11.31,"curve":[0.283,0,0.624,0.39]},{"time":0.3,"angle":292.83,"curve":[0.323,0.29,0.657,0.63]},{"time":0.6667,"angle":11.31}],"translate":[{"time":0,"x":0,"y":0},{"time":0.3,"x":2.53,"y":12.62},{"time":0.6667,"x":0,"y":0}]},"rearhand":{"rotate":[{"time":0,"angle":57.49,"curve":"stepped"},{"time":0.2667,"angle":57.49},{"time":0.3667,"angle":-9.62},{"time":0.6667,"angle":57.49}]},"head":{"rotate":[{"time":0,"angle":2.36,"curve":[0.254,0,0.62,0.47]},{"time":0.0667,"angle":-0.36,"curve":[0.344,0.37,0.699,0.77]},{"time":0.2,"angle":14.89,"curve":[0.374,0.62,0.714,1]},{"time":0.2333,"angle":7.83,"curve":[0.253,0,0.621,0.48]},{"time":0.3667,"angle":-44.64,"curve":[0.333,0.33,0.667,0.67]},{"time":0.6667,"angle":2.36}]},"headcenter":{"translate":[{"time":0,"x":0,"y":0},{"time":0.2,"x":0.05,"y":-1.87,"curve":[0.271,0,0.619,0.41]},{"time":0.3333,"x":-0.04,"y":-13.42,"curve":[0.342,0.36,0.757,1]},{"time":0.6667,"x":0,"y":0}]},"bodycenter":{"translate":[{"time":0,"x":0,"y":0},{"time":0.4333,"x":-2.33,"y":-14.71},{"time":0.6667,"x":0,"y":0}]},"head3":{"rotate":[{"time":0,"angle":0,"curve":[0.25,0,0.75,1]},{"time":0.2667,"angle":5.33,"curve":[0.26,0,0.618,0.44]},{"time":0.3667,"angle":-37.49,"curve":[0.359,0.43,0.756,1]},{"time":0.6667,"angle":0}]},"head4":{"rotate":[{"time":0,"angle":0,"curve":[0.25,0,0.75,1]},{"time":0.3,"angle":-3.95,"curve":[0.267,0,0.618,0.42]},{"time":0.4,"angle":-21.46,"curve":[0.347,0.38,0.757,1]},{"time":0.6667,"angle":0}]},"head2":{"rotate":[{"time":0,"angle":0,"curve":[0.25,0,0.75,1]},{"time":0.1667,"angle":-7.95,"curve":[0.267,0,0.618,0.42]},{"time":0.4,"angle":31.44,"curve":[0.347,0.38,0.757,1]},{"time":0.6667,"angle":0}]},"head5":{"rotate":[{"time":0,"angle":0,"curve":[0.25,0,0.75,1]},{"time":0.1,"angle":-3.88,"curve":[0.267,0,0.618,0.42]},{"time":0.2,"angle":-16.05,"curve":[0.322,0.3,0.668,0.67]},{"time":0.4,"angle":-19.22,"curve":[0.382,0.55,0.742,1]},{"time":0.6667,"angle":0}]},"head6":{"rotate":[{"time":0,"angle":0,"curve":[0.25,0,0.75,1]},{"time":0.2,"angle":-3.88,"curve":[0.25,0,0.75,1]},{"time":0.6667,"angle":0}]},"head9":{"translate":[{"time":0,"x":0,"y":0,"curve":[0.25,0,0.75,1]},{"time":0.2,"x":0,"y":2.94,"curve":[0.271,0,0.619,0.41]},{"time":0.3333,"x":1.24,"y":15.4,"curve":[0.342,0.36,0.757,1]},{"time":0.6667,"x":0,"y":0}]},"headcenter2":{"translate":[{"time":0,"x":0,"y":0},{"time":0.0667,"x":-5.06,"y":-0.03},{"time":0.6667,"x":0,"y":0}]},"rear_shield_center":{"translate":[{"time":0.3,"x":0,"y":0},{"time":0.3667,"x":11.33,"y":1.51},{"time":0.6667,"x":0,"y":0}]},"spine4":{"translate":[{"time":0,"x":0,"y":0},{"time":0.3,"x":15.85,"y":36.42},{"time":0.5,"x":8.08,"y":20.93},{"time":0.6667,"x":0,"y":0}]},"shadow":{"translate":[{"time":0,"x":0,"y":0,"curve":"stepped"},{"time":0.1667,"x":0,"y":0},{"time":0.3333,"x":72.18,"y":0},{"time":0.4667,"x":65.7,"y":0},{"time":0.6667,"x":0,"y":0}],"scale":[{"time":0.1333,"x":1,"y":1},{"time":0.3333,"x":1.215,"y":1},{"time":0.6667,"x":1,"y":1}]},"frontGround":{"rotate":[{"time":0,"angle":0,"curve":"stepped"},{"time":0.2333,"angle":0},{"time":0.2667,"angle":-49.74},{"time":0.3333,"angle":85.71,"curve":"stepped"},{"time":0.4333,"angle":85.71},{"time":0.6667,"angle":0}],"translate":[{"time":0,"x":0,"y":0,"curve":"stepped"},{"time":0.2333,"x":0,"y":0},{"time":0.3,"x":187.97,"y":76.39},{"time":0.3333,"x":244.11,"y":126.17},{"time":0.4333,"x":245.83,"y":142.13},{"time":0.5333,"x":163.04,"y":50.72},{"time":0.6667,"x":0,"y":0}]},"frontthigh":{"translate":[{"time":0,"x":0,"y":0},{"time":0.3,"x":27.66,"y":0},{"time":0.3333,"x":30.8,"y":0},{"time":0.4333,"x":48.76,"y":0},{"time":0.6667,"x":0,"y":0}]},"spine3":{"translate":[{"time":0,"x":0,"y":0},{"time":0.3,"x":3.96,"y":-22.98},{"time":0.4667,"x":0,"y":0,"curve":"stepped"},{"time":0.6667,"x":0,"y":0}]},"rearthigh":{"translate":[{"time":0.2667,"x":0,"y":0},{"time":0.3667,"x":-35.53,"y":0},{"time":0.6667,"x":0,"y":0}]},"spine5":{"translate":[{"time":0,"x":0,"y":0},{"time":0.2333,"x":-0.41,"y":7.37},{"time":0.4,"x":47.09,"y":-48.69},{"time":0.4667,"x":58.74,"y":-35.32},{"time":0.6667,"x":0,"y":0}]}},"events":[{"time":0.4333,"name":"splash"}]},"moon":{"slots":{"sword1_":{"attachment":[{"time":0,"name":null},{"time":1,"name":null}]}},"bones":{"hip":{"translate":[{"time":0,"x":1.85,"y":-1.97,"curve":[0.281,0.22,0.617,0.56]},{"time":0.2333,"x":1.85,"y":6.45,"curve":[0.295,0.27,0.631,0.61]},{"time":0.5,"x":1.85,"y":-4.7,"curve":[0.25,0,0.75,1]},{"time":0.7333,"x":1.85,"y":2.48,"curve":[0.25,0,0.75,1]},{"time":1,"x":1.85,"y":-1.97}]},"rearGround":{"translate":[{"time":0,"x":-6.1,"y":-1.6},{"time":0.1667,"x":-36.03,"y":-1.6},{"time":0.3333,"x":-57.61,"y":1.14},{"time":0.5,"x":-87.68,"y":9.46},{"time":0.6667,"x":-35.25,"y":10.44},{"time":0.8333,"x":-23.63,"y":11.41},{"time":1,"x":-6.1,"y":-1.6}]},"spine1":{"rotate":[{"time":0,"angle":-8.16,"curve":"stepped"},{"time":1,"angle":-8.16}],"translate":[{"time":0,"x":0,"y":0,"curve":"stepped"},{"time":1,"x":0,"y":0}]},"spine2":{"rotate":[{"time":0,"angle":5.28,"curve":"stepped"},{"time":1,"angle":5.28}]},"frontarm":{"rotate":[{"time":0,"angle":-332.88,"curve":[0.276,0,0.621,0.4]},{"time":0.5,"angle":3.12,"curve":[0.314,0.27,0.657,0.64]},{"time":1,"angle":-332.88}],"translate":[{"time":0,"x":1.23,"y":-9.19},{"time":0.3333,"x":-1.05,"y":7.87},{"time":0.5,"x":-0.97,"y":7.25},{"time":1,"x":1.23,"y":-9.19}]},"fronthand":{"rotate":[{"time":0,"angle":3.43},{"time":0.5,"angle":-20.58,"curve":[0.25,0,0.75,1]},{"time":1,"angle":3.43}]},"reararm":{"rotate":[{"time":0,"angle":332.99,"curve":[0.25,0,0.625,0.5]},{"time":0.5,"angle":-7.38,"curve":[0.375,0.5,0.75,1]},{"time":1,"angle":332.99}],"translate":[{"time":0,"x":-1.32,"y":9.87,"curve":[0.25,0,0.75,1]},{"time":0.5,"x":0.49,"y":-3.66,"curve":[0.243,0,0.649,0.6]},{"time":0.8333,"x":-1.81,"y":13.48,"curve":[0.382,0.57,0.735,1]},{"time":1,"x":-1.32,"y":9.87}]},"rearhand":{"rotate":[{"time":0,"angle":15.06,"curve":[0.25,0,0.75,1]},{"time":0.5,"angle":34.69,"curve":[0.25,0,0.75,1]},{"time":1,"angle":15.06}],"scale":[{"time":0,"x":1,"y":1,"curve":"stepped"},{"time":1,"x":1,"y":1}]},"head":{"rotate":[{"time":0,"angle":4.72,"curve":[0.25,0,0.625,0.5]},{"time":0.5,"angle":-0.86,"curve":[0.375,0.5,0.75,1]},{"time":1,"angle":4.72}],"translate":[{"time":0,"x":0,"y":0},{"time":0.2667,"x":1.09,"y":-8.12},{"time":0.5,"x":0,"y":0},{"time":0.7667,"x":0.91,"y":-6.77},{"time":1,"x":0,"y":0}]},"headcenter":{"translate":[{"time":0,"x":-0.27,"y":-6.14},{"time":0.5,"x":0,"y":0},{"time":1,"x":-0.27,"y":-6.14}]},"bodycenter":{"translate":[{"time":0,"x":0,"y":0,"curve":"stepped"},{"time":1,"x":0,"y":0}]},"head3":{"rotate":[{"time":0,"angle":0,"curve":[0.278,0,0.622,0.39]},{"time":0.2333,"angle":-10.06,"curve":[0.312,0.26,0.656,0.63]},{"time":0.5,"angle":0,"curve":[0.347,0.38,0.694,0.76]},{"time":0.8,"angle":-5.61,"curve":[0.375,0.62,0.716,1]},{"time":1,"angle":0}]},"head4":{"rotate":[{"time":0,"angle":0,"curve":[0.273,0,0.62,0.41]},{"time":0.2667,"angle":-4.85,"curve":[0.317,0.28,0.658,0.64]},{"time":0.5,"angle":4.48,"curve":[0.344,0.37,0.688,0.74]},{"time":0.7667,"angle":-12.55,"curve":[0.378,0.61,0.722,1]},{"time":1,"angle":0}]},"head2":{"rotate":[{"time":0,"angle":0,"curve":[0.278,0,0.622,0.39]},{"time":0.2333,"angle":2.47,"curve":[0.312,0.26,0.656,0.63]},{"time":0.5,"angle":0,"curve":[0.344,0.37,0.688,0.74]},{"time":0.7667,"angle":4.27,"curve":[0.378,0.61,0.722,1]},{"time":1,"angle":0}]},"head5":{"rotate":[{"time":0,"angle":0,"curve":[0.273,0,0.62,0.41]},{"time":0.2667,"angle":-2.6,"curve":[0.317,0.28,0.658,0.64]},{"time":0.5,"angle":0,"curve":[0.347,0.38,0.694,0.76]},{"time":0.8,"angle":-6.56,"curve":[0.375,0.62,0.716,1]},{"time":1,"angle":0}]},"head6":{"rotate":[{"time":0,"angle":0,"curve":"stepped"},{"time":1,"angle":0}]},"head9":{"translate":[{"time":0,"x":-1.18,"y":6.03,"curve":[0.278,0,0.622,0.39]},{"time":0.5,"x":0,"y":0,"curve":[0.313,0.27,0.655,0.63]},{"time":1,"x":-1.18,"y":6.03}]},"headcenter2":{"translate":[{"time":0,"x":0,"y":0,"curve":"stepped"},{"time":1,"x":0,"y":0}]},"rear_shield_center":{"translate":[{"time":0,"x":0,"y":0,"curve":"stepped"},{"time":1,"x":0,"y":0}]},"rear_shield":{"translate":[{"time":0,"x":0,"y":0,"curve":"stepped"},{"time":1,"x":0,"y":0}]},"frontGround":{"translate":[{"time":0,"x":-25.27,"y":9.73},{"time":0.1667,"x":40.37,"y":9.05},{"time":0.3333,"x":48.72,"y":7.91},{"time":0.5,"x":60.44,"y":-0.78},{"time":0.8333,"x":13.34,"y":1.24},{"time":1,"x":-25.27,"y":9.73}]},"rearthigh":{"translate":[{"time":0,"x":-9.74,"y":0},{"time":0.1667,"x":-22.97,"y":0},{"time":0.5,"x":-33.17,"y":0},{"time":1,"x":-9.74,"y":0}]},"frontthigh":{"translate":[{"time":0,"x":5.57,"y":0},{"time":0.1667,"x":29.93,"y":0},{"time":0.5,"x":35.22,"y":0},{"time":0.6667,"x":10.59,"y":0},{"time":1,"x":5.57,"y":0}]},"spine5":{"translate":[{"time":0,"x":0,"y":0},{"time":0.5,"x":3.05,"y":-24.77},{"time":0.8333,"x":-0.11,"y":0.89},{"time":1,"x":0,"y":0}]},"rearboots":{"rotate":[{"time":0,"angle":1.49},{"time":0.3333,"angle":0.51},{"time":0.5,"angle":-55.66,"curve":"stepped"},{"time":0.8333,"angle":-55.66},{"time":1,"angle":1.49}]},"frontboots":{"rotate":[{"time":0,"angle":-65.8},{"time":0.3333,"angle":-49.35},{"time":0.5,"angle":-0.78},{"time":0.8333,"angle":-1.14},{"time":1,"angle":-65.8}]},"spine3":{"translate":[{"time":0,"x":2.21,"y":-16.46},{"time":0.3333,"x":-1.42,"y":10.57},{"time":0.5,"x":-1.32,"y":9.87},{"time":1,"x":2.21,"y":-16.46}]},"spine4":{"translate":[{"time":0,"x":-2.7,"y":20.11,"curve":[0.25,0,0.75,1]},{"time":0.5,"x":0.1,"y":-0.73,"curve":[0.243,0,0.649,0.6]},{"time":0.8333,"x":-2.72,"y":20.29,"curve":[0.382,0.57,0.735,1]},{"time":1,"x":-2.7,"y":20.11}]}}},"powerslash":{"slots":{"swoosh":{"attachment":[{"time":0.4,"name":"swoosh"},{"time":0.6333,"name":null}]},"sword1_":{"attachment":[{"time":0,"name":null}]}},"bones":{"hip":{"translate":[{"time":0,"x":0.17,"y":-12.49,"curve":[0.233,0.15,0.581,0.51]},{"time":0.1667,"x":3.09,"y":-34.27,"curve":[0.29,0.28,0.637,0.64]},{"time":0.2667,"x":30.38,"y":60.41,"curve":[0.365,0.5,0.766,1]},{"time":0.4,"x":46.4,"y":58.98,"curve":[0.28,0,0.623,0.39]},{"time":0.5333,"x":52.31,"y":-32.12,"curve":[0.326,0.31,0.757,1]},{"time":0.6,"x":65.78,"y":-52.78,"curve":[0.309,0.25,0.657,0.63]},{"time":0.6667,"x":16.49,"y":-18.14,"curve":[0.378,0.52,0.748,1]},{"time":0.7667,"x":0.17,"y":-12.49}]},"rearGround":{"translate":[{"time":0,"x":23.04,"y":-0.38},{"time":0.2,"x":22.08,"y":-0.52},{"time":0.2667,"x":37.21,"y":64.97},{"time":0.4,"x":39.03,"y":66.57},{"time":0.5333,"x":65.48,"y":-5.84,"curve":"stepped"},{"time":0.6,"x":65.48,"y":-5.84},{"time":0.6667,"x":43.02,"y":4.19},{"time":0.7667,"x":23.04,"y":-0.38}]},"spine1":{"rotate":[{"time":0,"angle":-8.16},{"time":0.2667,"angle":9.61},{"time":0.4,"angle":-0.34,"curve":[0.25,0,0.75,1]},{"time":0.5333,"angle":-40.41},{"time":0.7667,"angle":-8.16}]},"spine2":{"rotate":[{"time":0,"angle":5.28},{"time":0.2667,"angle":35.66},{"time":0.4,"angle":50.71,"curve":[0.25,0,0.75,1]},{"time":0.5333,"angle":-30.43,"curve":[0.25,0,0.75,1]},{"time":0.7667,"angle":5.28}]},"frontarm":{"rotate":[{"time":0,"angle":-15.32,"curve":[0.339,0.1,0.627,0.38]},{"time":0.3,"angle":-274.52,"curve":[0.311,0.25,0.546,0.94]},{"time":0.4,"angle":-177.35,"curve":[0.612,0,0.669,0.67]},{"time":0.5333,"angle":-251.07,"curve":[0.381,0.54,0.742,1]},{"time":0.6,"angle":-259.64,"curve":[0.381,0.54,0.742,1]},{"time":0.7667,"angle":-15.32}],"translate":[{"time":0,"x":0,"y":0,"curve":"stepped"},{"time":0.4,"x":0,"y":0},{"time":0.5333,"x":2.5,"y":-14.86,"curve":"stepped"},{"time":0.6,"x":2.5,"y":-14.86},{"time":0.7667,"x":0,"y":0}]},"fronthand":{"rotate":[{"time":0,"angle":16.87},{"time":0.3,"angle":-15.35},{"time":0.4,"angle":45.35,"curve":[0.25,0,0.75,1]},{"time":0.5333,"angle":-13.67,"curve":[0.246,0,0.633,0.54]},{"time":0.6,"angle":-25.33,"curve":[0.38,0.53,0.745,1]},{"time":0.7667,"angle":16.87}]},"reararm":{"rotate":[{"time":0,"angle":11.31,"curve":[0.256,0,0.619,0.46]},{"time":0.4,"angle":253.67,"curve":[0.337,0.35,0.685,0.73]},{"time":0.6,"angle":303.87,"curve":[0.38,0.6,0.726,1]},{"time":0.7667,"angle":11.31}],"translate":[{"time":0,"x":0,"y":0},{"time":0.4,"x":0.87,"y":-6.47},{"time":0.5333,"x":-0.49,"y":7.39},{"time":0.7667,"x":0,"y":0}]},"rearhand":{"rotate":[{"time":0,"angle":57.49},{"time":0.4,"angle":24.02},{"time":0.6,"angle":19.44},{"time":0.7667,"angle":57.49}]},"head":{"rotate":[{"time":0,"angle":2.36,"curve":[0.271,0,0.619,0.41]},{"time":0.2667,"angle":-32.29,"curve":[0.322,0.3,0.659,0.64]},{"time":0.4,"angle":-24.11,"curve":[0.333,0.33,0.672,0.68]},{"time":0.5333,"angle":68.46,"curve":[0.382,0.56,0.739,1]},{"time":0.7667,"angle":2.36}]},"headcenter":{"translate":[{"time":0,"x":0,"y":0},{"time":0.5333,"x":1.52,"y":-11.54},{"time":0.7667,"x":0,"y":0}]},"bodycenter":{"translate":[{"time":0,"x":0,"y":0,"curve":"stepped"},{"time":0.7667,"x":0,"y":0}]},"head3":{"rotate":[{"time":0,"angle":18.22,"curve":[0.256,0,0.619,0.46]},{"time":0.4,"angle":39.1,"curve":[0.334,0.34,0.678,0.7]},{"time":0.6333,"angle":-52.42,"curve":[0.382,0.58,0.733,1]},{"time":0.7667,"angle":0}],"translate":[{"time":0.6333,"x":-1.55,"y":-0.19}]},"head4":{"rotate":[{"time":0,"angle":0,"curve":[0.256,0,0.619,0.46]},{"time":0.4,"angle":16.26,"curve":[0.334,0.34,0.678,0.7]},{"time":0.6,"angle":-13.06,"curve":[0.382,0.58,0.733,1]},{"time":0.7667,"angle":0}]},"head2":{"rotate":[{"time":0,"angle":0,"curve":[0.256,0,0.619,0.46]},{"time":0.4,"angle":-26.68,"curve":[0.334,0.34,0.678,0.7]},{"time":0.6333,"angle":12.11,"curve":[0.382,0.58,0.733,1]},{"time":0.7667,"angle":0}]},"head5":{"rotate":[{"time":0,"angle":0,"curve":[0.256,0,0.619,0.46]},{"time":0.4,"angle":16.1,"curve":[0.334,0.34,0.678,0.7]},{"time":0.6333,"angle":-1.88,"curve":[0.382,0.58,0.733,1]},{"time":0.7667,"angle":0}]},"head6":{"rotate":[{"time":0,"angle":0,"curve":[0.267,0,0.618,0.42]},{"time":0.3333,"angle":-47.09,"curve":[0.348,0.39,0.757,1]},{"time":0.7667,"angle":0}]},"head9":{"translate":[{"time":0,"x":0,"y":0,"curve":[0.244,0,0.642,0.58]},{"time":0.5333,"x":-0.74,"y":8.63,"curve":[0.382,0.56,0.739,1]},{"time":0.7667,"x":0,"y":0}]},"headcenter2":{"translate":[{"time":0,"x":0,"y":0},{"time":0.5333,"x":-3.88,"y":-1.03},{"time":0.7667,"x":0,"y":0}]},"rear_shield_center":{"translate":[{"time":0,"x":0,"y":0,"curve":"stepped"},{"time":0.4,"x":0,"y":0},{"time":0.6,"x":14.87,"y":-0.9},{"time":0.7667,"x":0,"y":0}]},"rear_shield":{"translate":[{"time":0,"x":0,"y":0,"curve":"stepped"},{"time":0.7667,"x":0,"y":0}]},"frontweapon":{"rotate":[{"time":0,"angle":0,"curve":"stepped"},{"time":0.4,"angle":0},{"time":0.5333,"angle":-23.16},{"time":0.6,"angle":-43.29},{"time":0.7667,"angle":0}]},"spine3":{"translate":[{"time":0,"x":0,"y":0},{"time":0.4,"x":21.03,"y":1.81},{"time":0.5333,"x":4.54,"y":-33.83},{"time":0.7667,"x":0,"y":0}]},"spine4":{"translate":[{"time":0,"x":0,"y":0},{"time":0.4,"x":1.07,"y":-7.96},{"time":0.5333,"x":-0.66,"y":4.88},{"time":0.7667,"x":0,"y":0}]},"shadow":{"translate":[{"time":0,"x":0,"y":0,"curve":"stepped"},{"time":0.4,"x":0,"y":0},{"time":0.5333,"x":18.7,"y":0,"curve":"stepped"},{"time":0.6333,"x":18.7,"y":0},{"time":0.7667,"x":0,"y":0}],"scale":[{"time":0,"x":1,"y":1,"curve":"stepped"},{"time":0.1333,"x":1,"y":1},{"time":0.4,"x":0.753,"y":0.862},{"time":0.5333,"x":1.319,"y":1,"curve":"stepped"},{"time":0.6333,"x":1.319,"y":1},{"time":0.7667,"x":1,"y":1}]},"swoosh":{"rotate":[{"time":0.4,"angle":-6.54},{"time":0.4667,"angle":-2.37},{"time":0.6,"angle":2.04}],"scale":[{"time":0.4,"x":0.143,"y":1},{"time":0.4667,"x":0.517,"y":1.507},{"time":0.5333,"x":1.337,"y":1.582},{"time":0.6,"x":1,"y":1.234}]},"swoosh2":{"rotate":[{"time":0.4,"angle":2.56},{"time":0.4667,"angle":-1.54},{"time":0.5,"angle":-0.79},{"time":0.5333,"angle":8.99},{"time":0.6,"angle":29.85}],"scale":[{"time":0.4,"x":0.593,"y":1},{"time":0.5,"x":2.581,"y":1.493},{"time":0.5333,"x":1.502,"y":1.657},{"time":0.6,"x":1.246,"y":0.935}]},"swoosh3":{"rotate":[{"time":0.4,"angle":2.56},{"time":0.4667,"angle":-0.61},{"time":0.5,"angle":3.17},{"time":0.5333,"angle":16.77},{"time":0.6,"angle":0.88}],"scale":[{"time":0.4,"x":0.593,"y":1},{"time":0.5333,"x":1.197,"y":0.9},{"time":0.6,"x":0.805,"y":0.763}]},"swoosh4":{"rotate":[{"time":0.4,"angle":2.56},{"time":0.5333,"angle":12.76},{"time":0.6,"angle":39.11}],"scale":[{"time":0.4,"x":0.593,"y":1},{"time":0.4667,"x":2.122,"y":1.468},{"time":0.5333,"x":1.745,"y":1},{"time":0.6,"x":1.243,"y":0.862}]},"frontGround":{"translate":[{"time":0,"x":0,"y":0,"curve":"stepped"},{"time":0.2,"x":0,"y":0},{"time":0.2667,"x":-5.19,"y":81.98},{"time":0.4,"x":-7.17,"y":86.85},{"time":0.5333,"x":6.78,"y":5.94},{"time":0.7667,"x":0,"y":0}]},"rearboots":{"rotate":[{"time":0,"angle":0,"curve":"stepped"},{"time":0.2,"angle":0},{"time":0.2667,"angle":-55.9},{"time":0.6,"angle":0,"curve":"stepped"},{"time":0.7667,"angle":0}]},"frontboots":{"rotate":[{"time":0,"angle":0,"curve":"stepped"},{"time":0.2,"angle":0},{"time":0.2667,"angle":-83.26},{"time":0.5333,"angle":-65.1},{"time":0.7667,"angle":0}]}},"deform":{"skin1":{"swoosh":{"swoosh":[{"time":0.6333}]}}},"events":[{"time":0.5333,"name":"splash"}]},"push":{"slots":{"rearhand":{"attachment":[{"time":0,"name":"rear_hand_shield2"}]},"sword1_":{"attachment":[{"time":0,"name":null},{"time":0.8,"name":null}]}},"bones":{"frontGround":{"translate":[{"time":0,"x":-24.73,"y":2.15},{"time":0.1,"x":-2.3,"y":17.72},{"time":0.2,"x":17.54,"y":26.95},{"time":0.3,"x":59.38,"y":16.7},{"time":0.4,"x":76.18,"y":-0.35},{"time":0.5,"x":52.73,"y":-0.39},{"time":0.6,"x":31.98,"y":-0.43},{"time":0.7,"x":5.34,"y":-0.48},{"time":0.8,"x":-24.73,"y":2.15}]},"frontthigh":{"translate":[{"time":0,"x":-0.72,"y":-4.33},{"time":0.1,"x":10.07,"y":0.24},{"time":0.4,"x":31.24,"y":-6.59},{"time":0.6,"x":23.64,"y":-4.32},{"time":0.7,"x":22.49,"y":-4.32},{"time":0.8,"x":-0.72,"y":-4.33}]},"rearthigh":{"translate":[{"time":0,"x":-7.58,"y":-2.43},{"time":0.1,"x":-7.44,"y":-0.99},{"time":0.2,"x":-4.47,"y":-3.97},{"time":0.3,"x":-14.73,"y":-2.36},{"time":0.4,"x":-26.43,"y":-7.53},{"time":0.5667,"x":-14.46,"y":-2.18},{"time":0.7,"x":-6.79,"y":-0.58},{"time":0.8,"x":-7.58,"y":-2.43}]},"rearGround":{"translate":[{"time":0,"x":21.82,"y":-1.23},{"time":0.1,"x":0.56,"y":-1.35},{"time":0.2,"x":-23.05,"y":-1.47},{"time":0.3,"x":-45.85,"y":-0.77},{"time":0.4,"x":-70.27,"y":-1.71},{"time":0.5,"x":-62.79,"y":19.3},{"time":0.6,"x":-42.09,"y":22.26},{"time":0.7,"x":3.29,"y":10.89},{"time":0.8,"x":21.82,"y":-1.23}]},"spine1":{"rotate":[{"time":0,"angle":1.61,"curve":"stepped"},{"time":0.4,"angle":1.61,"curve":"stepped"},{"time":0.8,"angle":1.61}],"translate":[{"time":0,"x":10.76,"y":-3.92,"curve":[0.25,0,0.75,1]},{"time":0.2333,"x":6.75,"y":8.83,"curve":[0.25,0,0.75,1]},{"time":0.4,"x":2.13,"y":-2.49},{"time":0.6333,"x":5.59,"y":7.87,"curve":[0.25,0,0.75,1]},{"time":0.8,"x":10.76,"y":-3.92}]},"spine2":{"rotate":[{"time":0,"angle":-10.51},{"time":0.4,"angle":-6.74},{"time":0.8,"angle":-10.51}]},"head":{"rotate":[{"time":0,"angle":-2.61},{"time":0.4,"angle":4.17},{"time":0.8,"angle":-2.61}],"translate":[{"time":0,"x":0.82,"y":-1.25},{"time":0.1,"x":0,"y":0},{"time":0.2333,"x":1.72,"y":-0.04},{"time":0.4,"x":0,"y":0},{"time":0.5,"x":-1.82,"y":0},{"time":0.6333,"x":0.86,"y":-0.02},{"time":0.8,"x":0.82,"y":-1.25}]},"frontarm":{"rotate":[{"time":0,"angle":0.79},{"time":0.1,"angle":3.72,"curve":[0.25,0,0.75,1]},{"time":0.4,"angle":-14.46},{"time":0.5,"angle":-17.27,"curve":[0.25,0,0.75,1]},{"time":0.8,"angle":0.79}],"translate":[{"time":0,"x":0.77,"y":-12.16,"curve":[0.25,0,0.75,1]},{"time":0.4,"x":0,"y":0,"curve":[0.25,0,0.75,1]},{"time":0.8,"x":0.77,"y":-12.16}]},"reararm":{"rotate":[{"time":0,"angle":48.35},{"time":0.4,"angle":39.71},{"time":0.8,"angle":48.35}],"translate":[{"time":0,"x":-1.15,"y":4.72},{"time":0.4,"x":0.23,"y":-8.86},{"time":0.8,"x":-1.15,"y":4.72}]},"rearhand":{"rotate":[{"time":0,"angle":33.82,"curve":"stepped"},{"time":0.4,"angle":33.82,"curve":"stepped"},{"time":0.8,"angle":33.82}]},"fronthand":{"rotate":[{"time":0,"angle":-1.75,"curve":[0.25,0,0.75,1]},{"time":0.1,"angle":-2.85},{"time":0.4,"angle":0},{"time":0.5,"angle":-5.4,"curve":[0.25,0,0.75,1]},{"time":0.6,"angle":-2.63,"curve":[0.25,0,0.75,1]},{"time":0.8,"angle":-1.75}]},"headcenter":{"translate":[{"time":0,"x":-0.08,"y":-3.62,"curve":[0.25,0,0.75,1]},{"time":0.4,"x":0,"y":0,"curve":[0.25,0,0.75,1]},{"time":0.8,"x":-0.08,"y":-3.62}]},"bodycenter":{"translate":[{"time":0,"x":-0.76,"y":-1.55,"curve":[0.25,0,0.75,1]},{"time":0.4,"x":0.4,"y":-5.74,"curve":[0.25,0,0.75,1]},{"time":0.8,"x":-0.76,"y":-1.55}]},"weapon":{"translate":[{"time":0,"x":0,"y":0,"curve":[0.25,0,0.75,1]},{"time":0.1333,"x":-2.79,"y":-1.6,"curve":[0.25,0,0.75,1]},{"time":0.3667,"x":0,"y":0,"curve":[0.25,0,0.75,1]},{"time":0.5,"x":-3.35,"y":-1.59,"curve":[0.25,0,0.75,1]},{"time":0.8,"x":0,"y":0}]},"frontboots":{"rotate":[{"time":0,"angle":-16.61},{"time":0.1,"angle":-66.44},{"time":0.2,"angle":-28.47},{"time":0.3333,"angle":16.7},{"time":0.4,"angle":0},{"time":0.8,"angle":-16.61}]},"rearboots":{"rotate":[{"time":0,"angle":11.39},{"time":0.0333,"angle":0,"curve":"stepped"},{"time":0.4,"angle":0},{"time":0.5333,"angle":-52.12},{"time":0.6667,"angle":-21.47},{"time":0.7667,"angle":22.78},{"time":0.8,"angle":11.39}]},"hip":{"translate":[{"time":0,"x":18.62,"y":-13.55},{"time":0.4,"x":18.99,"y":-15.61},{"time":0.8,"x":18.62,"y":-13.55}]},"head9":{"translate":[{"time":0,"x":0,"y":5.15,"curve":[0.25,0,0.75,1]},{"time":0.4,"x":0.09,"y":-2.57,"curve":[0.25,0,0.75,1]},{"time":0.8,"x":0,"y":5.15}]},"head5":{"rotate":[{"time":0,"angle":0},{"time":0.3,"angle":-9.91},{"time":0.8,"angle":0}]},"head6":{"rotate":[{"time":0,"angle":0},{"time":0.3,"angle":-9.91},{"time":0.5667,"angle":-4.62},{"time":0.7,"angle":-14.46},{"time":0.8,"angle":0}]},"head4":{"rotate":[{"time":0,"angle":0},{"time":0.2667,"angle":5.87},{"time":0.8,"angle":0}]},"head3":{"rotate":[{"time":0,"angle":0},{"time":0.2333,"angle":0.7},{"time":0.3333,"angle":-5.25},{"time":0.6,"angle":8.97},{"time":0.7,"angle":-4.93},{"time":0.8,"angle":0}]},"head2":{"rotate":[{"time":0,"angle":-9.16},{"time":0.3,"angle":10.28},{"time":0.4667,"angle":-16.66},{"time":0.7,"angle":3.68},{"time":0.8,"angle":-9.16}]},"spine4":{"translate":[{"time":0,"x":-0.12,"y":-4.59},{"time":0.4333,"x":0.38,"y":-14.34},{"time":0.8,"x":-0.12,"y":-4.59}]},"rear_shield_center":{"translate":[{"time":0,"x":-17.93,"y":0.74}]},"rear_shield":{"translate":[{"time":0,"x":-4.83,"y":-1.16}],"scale":[{"time":0,"x":0.804,"y":1}]},"spine3":{"translate":[{"time":0,"x":7.08,"y":-29.11},{"time":0.4,"x":4.52,"y":-2.15},{"time":0.8,"x":7.08,"y":-29.11}]},"spine5":{"translate":[{"time":0,"x":0,"y":0},{"time":0.4,"x":15.94,"y":-29.58},{"time":0.8,"x":0,"y":0}]}}},"run":{"slots":{"sword1_":{"attachment":[{"time":0,"name":null},{"time":0.6667,"name":null}]}},"bones":{"frontGround":{"translate":[{"time":0,"x":-45.76,"y":37.9},{"time":0.1,"x":-2.3,"y":17.72},{"time":0.1667,"x":37.87,"y":38.86},{"time":0.2667,"x":81.81,"y":40.54},{"time":0.3333,"x":87.96,"y":26.89},{"time":0.4333,"x":52.73,"y":-0.39},{"time":0.5,"x":31.98,"y":-0.43},{"time":0.6,"x":-22.7,"y":10.74},{"time":0.6667,"x":-45.76,"y":37.9}]},"frontthigh":{"translate":[{"time":0,"x":-0.72,"y":-4.33},{"time":0.1,"x":9.1,"y":-2.68},{"time":0.3333,"x":34.42,"y":-7.23},{"time":0.5,"x":23.64,"y":-4.32},{"time":0.6,"x":22.49,"y":-4.32},{"time":0.6667,"x":-0.72,"y":-4.33}]},"rearthigh":{"translate":[{"time":0,"x":-7.58,"y":-2.43},{"time":0.1,"x":-7.44,"y":-0.99},{"time":0.2333,"x":-11.82,"y":-18.4},{"time":0.3333,"x":-27.65,"y":-8.07},{"time":0.4667,"x":-14.46,"y":-2.18},{"time":0.6,"x":-6.79,"y":-0.58},{"time":0.6667,"x":-7.58,"y":-2.43}]},"rearGround":{"translate":[{"time":0,"x":21.82,"y":13.49},{"time":0.1,"x":9.31,"y":-2.81},{"time":0.1667,"x":-23.05,"y":-1.47},{"time":0.2333,"x":-55.94,"y":-0.32},{"time":0.3333,"x":-106.48,"y":37.86},{"time":0.4333,"x":-74.01,"y":40.33},{"time":0.5,"x":-10.55,"y":31.37},{"time":0.6,"x":25.02,"y":21.4},{"time":0.6667,"x":21.82,"y":13.49}]},"spine1":{"rotate":[{"time":0,"angle":-18.13},{"time":0.3333,"angle":-13.2},{"time":0.6667,"angle":-18.13}],"translate":[{"time":0,"x":10.76,"y":-3.92,"curve":[0.25,0,0.75,1]},{"time":0.2,"x":11.75,"y":-1.18,"curve":[0.25,0,0.75,1]},{"time":0.5333,"x":10.59,"y":-1.03,"curve":[0.25,0,0.75,1]},{"time":0.6667,"x":10.76,"y":-3.92}]},"spine2":{"rotate":[{"time":0,"angle":1.65,"curve":"stepped"},{"time":0.6667,"angle":1.65}]},"head":{"rotate":[{"time":0,"angle":11.43,"curve":"stepped"},{"time":0.6667,"angle":11.43}],"translate":[{"time":0,"x":0.82,"y":-1.25},{"time":0.1,"x":0,"y":0},{"time":0.2,"x":1.72,"y":-0.04},{"time":0.3333,"x":0,"y":0},{"time":0.4333,"x":-1.82,"y":0},{"time":0.5333,"x":0.86,"y":-0.02},{"time":0.6667,"x":0.82,"y":-1.25}]},"frontarm":{"rotate":[{"time":0,"angle":-339.47},{"time":0.3333,"angle":-28.09},{"time":0.6667,"angle":-339.47}],"translate":[{"time":0,"x":2.22,"y":-15.24,"curve":[0.25,0,0.829,0.8]},{"time":0.3333,"x":-3.64,"y":-0.71,"curve":[0.156,0.13,0.75,1]},{"time":0.6667,"x":2.22,"y":-15.24}]},"reararm":{"rotate":[{"time":0,"angle":328.55},{"time":0.1,"angle":321.13},{"time":0.3333,"angle":39.55},{"time":0.6667,"angle":-31.45}],"translate":[{"time":0,"x":0.01,"y":7.92},{"time":0.3333,"x":0,"y":0,"curve":[0.25,0,0.75,1]},{"time":0.4333,"x":-0.54,"y":-1.87},{"time":0.6667,"x":0.01,"y":7.92}]},"rearhand":{"rotate":[{"time":0,"angle":33.82},{"time":0.3333,"angle":52.39},{"time":0.6667,"angle":33.82}]},"fronthand":{"rotate":[{"time":0,"angle":-1.75,"curve":[0.25,0,0.75,1]},{"time":0.1,"angle":-2.85},{"time":0.3333,"angle":0},{"time":0.4333,"angle":-5.4,"curve":[0.25,0,0.75,1]},{"time":0.5,"angle":-2.63,"curve":[0.25,0,0.75,1]},{"time":0.6667,"angle":-1.75}]},"headcenter":{"translate":[{"time":0,"x":0.73,"y":-5.8,"curve":[0.25,0,0.75,1]},{"time":0.3333,"x":0,"y":0,"curve":[0.25,0,0.75,1]},{"time":0.6667,"x":0.73,"y":-5.8}]},"bodycenter":{"translate":[{"time":0,"x":-0.76,"y":-1.55,"curve":[0.25,0,0.75,1]},{"time":0.3333,"x":1.92,"y":-15.92,"curve":[0.25,0,0.75,1]},{"time":0.6667,"x":-0.76,"y":-1.55}]},"weapon":{"translate":[{"time":0,"x":0,"y":0,"curve":[0.25,0,0.75,1]},{"time":0.1,"x":-2.79,"y":-1.6,"curve":[0.25,0,0.75,1]},{"time":0.3,"x":0,"y":0,"curve":[0.25,0,0.75,1]},{"time":0.4333,"x":-3.35,"y":-1.59,"curve":[0.25,0,0.75,1]},{"time":0.6667,"x":0,"y":0}]},"frontboots":{"rotate":[{"time":0,"angle":-104.56},{"time":0.1,"angle":-66.44},{"time":0.1667,"angle":-28.47},{"time":0.2667,"angle":16.7},{"time":0.3333,"angle":0},{"time":0.5333,"angle":-4.94},{"time":0.6667,"angle":-104.56}]},"rearboots":{"rotate":[{"time":0,"angle":0},{"time":0.2333,"angle":1.6},{"time":0.3333,"angle":-100.77},{"time":0.4333,"angle":-116.37},{"time":0.5667,"angle":-10.81},{"time":0.6667,"angle":0}]},"hip":{"translate":[{"time":0,"x":0,"y":4.45},{"time":0.1,"x":0,"y":-5.15},{"time":0.2,"x":0,"y":18.06},{"time":0.4333,"x":0,"y":-4.42},{"time":0.5333,"x":0,"y":18.06},{"time":0.6667,"x":0,"y":4.45}]},"spine3":{"translate":[{"time":0,"x":6.8,"y":-39.75,"curve":[0.246,0,0.717,0.86]},{"time":0.3333,"x":-1.77,"y":8.24,"curve":[0.356,0.65,0.691,1]},{"time":0.6667,"x":6.8,"y":-39.75}]},"spine4":{"translate":[{"time":0,"x":0,"y":11.98},{"time":0.3333,"x":2.27,"y":-7.77},{"time":0.6667,"x":0,"y":11.98}]},"head9":{"translate":[{"time":0,"x":0,"y":7.38,"curve":[0.25,0,0.75,1]},{"time":0.3333,"x":0.09,"y":-2.57,"curve":[0.25,0,0.75,1]},{"time":0.6667,"x":0,"y":7.38}]},"head5":{"rotate":[{"time":0,"angle":0},{"time":0.2667,"angle":-9.23},{"time":0.4333,"angle":2.54},{"time":0.6,"angle":-8.77},{"time":0.6667,"angle":0}]},"head6":{"rotate":[{"time":0,"angle":0},{"time":0.2667,"angle":-19.48},{"time":0.4667,"angle":-4.62},{"time":0.6,"angle":-18.85},{"time":0.6667,"angle":0}]},"head4":{"rotate":[{"time":0,"angle":0},{"time":0.2333,"angle":5.87},{"time":0.6667,"angle":0}]},"head3":{"rotate":[{"time":0,"angle":0},{"time":0.2,"angle":0.7},{"time":0.2667,"angle":-5.25},{"time":0.5,"angle":8.97},{"time":0.6,"angle":-4.93},{"time":0.6667,"angle":0}]},"head2":{"rotate":[{"time":0,"angle":-9.16},{"time":0.2667,"angle":10.28},{"time":0.4,"angle":-16.66},{"time":0.6,"angle":3.68},{"time":0.6667,"angle":-9.16}]},"shadow":{"scale":[{"time":0,"x":0.9,"y":0.9},{"time":0.1667,"x":1,"y":1},{"time":0.3333,"x":0.9,"y":0.9},{"time":0.5,"x":1,"y":1},{"time":0.6667,"x":0.9,"y":0.9}]},"rear_shield_center":{"translate":[{"time":0,"x":13.77,"y":-1.22},{"time":0.3333,"x":-6.96,"y":0.31},{"time":0.6667,"x":13.77,"y":-1.22}]},"rear_shield":{"scale":[{"time":0,"x":1,"y":1},{"time":0.3333,"x":0.969,"y":1},{"time":0.6667,"x":1,"y":1}]},"spine5":{"translate":[{"time":0,"x":0,"y":0},{"time":0.3333,"x":27.04,"y":-31.2},{"time":0.6667,"x":0,"y":0}]}}},"slash":{"slots":{"swoosh":{"attachment":[{"time":0.2667,"name":"swoosh"},{"time":0.5,"name":null}]},"sword1_":{"attachment":[{"time":0,"name":null}]}},"bones":{"hip":{"translate":[{"time":0,"x":0.17,"y":-12.49,"curve":[0.173,0.11,0.75,1]},{"time":0.2667,"x":-20.75,"y":-14.75,"curve":[0.28,0,0.623,0.39]},{"time":0.4,"x":43.87,"y":-25.63,"curve":[0.326,0.31,0.757,1]},{"time":0.5,"x":42.23,"y":-24.66,"curve":[0.326,0.31,0.757,1]},{"time":0.6333,"x":0.17,"y":-12.49}]},"rearGround":{"translate":[{"time":0,"x":23.04,"y":-0.38},{"time":0.2667,"x":19.39,"y":-0.91},{"time":0.4,"x":65.48,"y":-4.54,"curve":"stepped"},{"time":0.5,"x":65.48,"y":-4.54},{"time":0.6333,"x":23.04,"y":-0.38}]},"spine1":{"rotate":[{"time":0,"angle":-8.16},{"time":0.2667,"angle":-0.34,"curve":[0.25,0,0.75,1]},{"time":0.4,"angle":-17.63},{"time":0.6333,"angle":-8.16}]},"spine2":{"rotate":[{"time":0,"angle":5.28},{"time":0.2667,"angle":28.08,"curve":[0.25,0,0.75,1]},{"time":0.4,"angle":-11.15,"curve":[0.25,0,0.75,1]},{"time":0.6333,"angle":5.28}]},"frontarm":{"rotate":[{"time":0,"angle":-15.32,"curve":[0.339,0.1,0.627,0.38]},{"time":0.1667,"angle":-325.55,"curve":[0.311,0.25,0.546,0.94]},{"time":0.2667,"angle":-177.35,"curve":[0.612,0,0.669,0.67]},{"time":0.4,"angle":-278.79,"curve":[0.381,0.54,0.742,1]},{"time":0.4667,"angle":-283.72,"curve":[0.381,0.54,0.742,1]},{"time":0.6333,"angle":-15.32}],"translate":[{"time":0,"x":0,"y":0,"curve":"stepped"},{"time":0.2667,"x":0,"y":0},{"time":0.4,"x":2.5,"y":-14.86,"curve":"stepped"},{"time":0.4667,"x":2.5,"y":-14.86},{"time":0.6333,"x":0,"y":0}]},"fronthand":{"rotate":[{"time":0,"angle":16.87},{"time":0.1667,"angle":15.55},{"time":0.2667,"angle":45.35,"curve":[0.25,0,0.75,1]},{"time":0.4,"angle":-18.04,"curve":[0.246,0,0.633,0.54]},{"time":0.4667,"angle":-32.4,"curve":[0.38,0.53,0.745,1]},{"time":0.6333,"angle":16.87}]},"reararm":{"rotate":[{"time":0,"angle":11.31,"curve":[0.256,0,0.619,0.46]},{"time":0.2667,"angle":338.01,"curve":[0.366,0.46,0.754,1]},{"time":0.6333,"angle":11.31}],"translate":[{"time":0,"x":0,"y":0},{"time":0.2667,"x":0.87,"y":-6.47},{"time":0.4,"x":-0.49,"y":7.39},{"time":0.6333,"x":0,"y":0}]},"rearhand":{"rotate":[{"time":0,"angle":57.49},{"time":0.2667,"angle":78.88},{"time":0.6333,"angle":57.49}],"scale":[{"time":0,"x":1,"y":1,"curve":"stepped"},{"time":0.2667,"x":1,"y":1},{"time":0.4,"x":1.075,"y":1},{"time":0.6333,"x":1,"y":1}]},"head":{"rotate":[{"time":0,"angle":2.36,"curve":[0.256,0,0.619,0.46]},{"time":0.2667,"angle":-24.11,"curve":[0.333,0.33,0.672,0.68]},{"time":0.4,"angle":26.94,"curve":[0.382,0.56,0.739,1]},{"time":0.6333,"angle":2.36}]},"headcenter":{"translate":[{"time":0,"x":0,"y":0},{"time":0.4,"x":1.52,"y":-11.54},{"time":0.6333,"x":0,"y":0}]},"bodycenter":{"translate":[{"time":0,"x":0,"y":0,"curve":"stepped"},{"time":0.6333,"x":0,"y":0}]},"head3":{"rotate":[{"time":0,"angle":18.22,"curve":[0.256,0,0.619,0.46]},{"time":0.2667,"angle":39.1,"curve":[0.334,0.34,0.678,0.7]},{"time":0.5,"angle":-52.42,"curve":[0.382,0.58,0.733,1]},{"time":0.6333,"angle":0}],"translate":[{"time":0.5,"x":-1.55,"y":-0.19}]},"head4":{"rotate":[{"time":0,"angle":0,"curve":[0.256,0,0.619,0.46]},{"time":0.2667,"angle":16.26,"curve":[0.334,0.34,0.678,0.7]},{"time":0.4667,"angle":-13.06,"curve":[0.382,0.58,0.733,1]},{"time":0.6333,"angle":0}]},"head2":{"rotate":[{"time":0,"angle":0,"curve":[0.256,0,0.619,0.46]},{"time":0.2667,"angle":-26.68,"curve":[0.334,0.34,0.678,0.7]},{"time":0.5,"angle":12.11,"curve":[0.382,0.58,0.733,1]},{"time":0.6333,"angle":0}]},"head5":{"rotate":[{"time":0,"angle":0,"curve":[0.256,0,0.619,0.46]},{"time":0.2667,"angle":16.1,"curve":[0.334,0.34,0.678,0.7]},{"time":0.5,"angle":-1.88,"curve":[0.382,0.58,0.733,1]},{"time":0.6333,"angle":0}]},"head6":{"rotate":[{"time":0,"angle":0,"curve":[0.267,0,0.618,0.42]},{"time":0.2,"angle":-47.09,"curve":[0.348,0.39,0.757,1]},{"time":0.6333,"angle":0}]},"head9":{"translate":[{"time":0,"x":0,"y":0,"curve":[0.244,0,0.642,0.58]},{"time":0.4,"x":-0.74,"y":8.63,"curve":[0.382,0.56,0.739,1]},{"time":0.6333,"x":0,"y":0}]},"headcenter2":{"translate":[{"time":0,"x":0,"y":0},{"time":0.4,"x":-3.88,"y":-1.03},{"time":0.6333,"x":0,"y":0}]},"rear_shield_center":{"translate":[{"time":0,"x":0,"y":0,"curve":"stepped"},{"time":0.2667,"x":0,"y":0},{"time":0.4,"x":1.61,"y":0.81},{"time":0.6333,"x":0,"y":0}]},"rear_shield":{"translate":[{"time":0,"x":0,"y":0,"curve":"stepped"},{"time":0.6333,"x":0,"y":0}]},"frontweapon":{"rotate":[{"time":0,"angle":0,"curve":"stepped"},{"time":0.2667,"angle":0},{"time":0.4,"angle":-23.16},{"time":0.4667,"angle":-43.29},{"time":0.6333,"angle":0}]},"spine3":{"translate":[{"time":0,"x":0,"y":0},{"time":0.2667,"x":21.03,"y":1.81},{"time":0.4,"x":4.54,"y":-33.83},{"time":0.6333,"x":0,"y":0}]},"spine4":{"translate":[{"time":0,"x":0,"y":0},{"time":0.2667,"x":1.07,"y":-7.96},{"time":0.4,"x":-0.66,"y":4.88},{"time":0.6333,"x":0,"y":0}]},"shadow":{"translate":[{"time":0,"x":0,"y":0,"curve":"stepped"},{"time":0.2667,"x":0,"y":0},{"time":0.4,"x":18.7,"y":0,"curve":"stepped"},{"time":0.5,"x":18.7,"y":0},{"time":0.6333,"x":0,"y":0}],"scale":[{"time":0,"x":1,"y":1,"curve":"stepped"},{"time":0.2667,"x":1,"y":1},{"time":0.4,"x":1.319,"y":1,"curve":"stepped"},{"time":0.5,"x":1.319,"y":1},{"time":0.6333,"x":1,"y":1}]},"swoosh":{"rotate":[{"time":0.2667,"angle":-6.54},{"time":0.3333,"angle":-2.37}],"scale":[{"time":0.2667,"x":0.143,"y":1},{"time":0.3333,"x":0.243,"y":1.507},{"time":0.4,"x":1.049,"y":1.582},{"time":0.4667,"x":0.922,"y":1.234}]},"swoosh2":{"rotate":[{"time":0.2667,"angle":2.56},{"time":0.3333,"angle":-1.54},{"time":0.3667,"angle":-0.79},{"time":0.4,"angle":8.99},{"time":0.4667,"angle":-4.17}],"scale":[{"time":0.2667,"x":0.593,"y":1},{"time":0.3667,"x":2.581,"y":1.493},{"time":0.4,"x":1.502,"y":1.657},{"time":0.4667,"x":1.246,"y":0.935}]},"swoosh3":{"rotate":[{"time":0.2667,"angle":2.56},{"time":0.3333,"angle":-0.61},{"time":0.3667,"angle":3.17},{"time":0.4,"angle":16.77},{"time":0.4667,"angle":-18.44}],"scale":[{"time":0.2667,"x":0.593,"y":1},{"time":0.4,"x":1.197,"y":0.9},{"time":0.4667,"x":0.805,"y":0.763}]},"swoosh4":{"rotate":[{"time":0.2667,"angle":2.56},{"time":0.4,"angle":12.76},{"time":0.4667,"angle":39.11}],"scale":[{"time":0.2667,"x":0.593,"y":1},{"time":0.3333,"x":2.122,"y":1.468},{"time":0.4,"x":1.745,"y":1},{"time":0.4667,"x":1.243,"y":0.862}]}},"deform":{"skin1":{"swoosh":{"swoosh":[{"time":0.5}]}}},"events":[{"time":0.4,"name":"splash"}]},"walk":{"slots":{"sword1_":{"attachment":[{"time":0,"name":null},{"time":0.8,"name":null}]}},"bones":{"frontGround":{"translate":[{"time":0,"x":-24.73,"y":2.15},{"time":0.1,"x":-2.3,"y":17.72},{"time":0.2,"x":17.54,"y":26.95},{"time":0.3,"x":59.38,"y":16.7},{"time":0.4,"x":76.18,"y":-0.35},{"time":0.5,"x":52.73,"y":-0.39},{"time":0.6,"x":31.98,"y":-0.43},{"time":0.7,"x":5.34,"y":-0.48},{"time":0.8,"x":-24.73,"y":2.15}]},"frontthigh":{"translate":[{"time":0,"x":-0.72,"y":-4.33},{"time":0.1,"x":10.07,"y":0.24},{"time":0.4,"x":31.24,"y":-6.59},{"time":0.6,"x":23.64,"y":-4.32},{"time":0.7,"x":22.49,"y":-4.32},{"time":0.8,"x":-0.72,"y":-4.33}]},"rearthigh":{"translate":[{"time":0,"x":-7.58,"y":-2.43},{"time":0.1,"x":-7.44,"y":-0.99},{"time":0.2,"x":-4.47,"y":-3.97},{"time":0.3,"x":-14.73,"y":-2.36},{"time":0.4,"x":-26.43,"y":-7.53},{"time":0.5667,"x":-14.46,"y":-2.18},{"time":0.7,"x":-6.79,"y":-0.58},{"time":0.8,"x":-7.58,"y":-2.43}]},"rearGround":{"translate":[{"time":0,"x":21.82,"y":-1.23},{"time":0.1,"x":0.56,"y":-1.35},{"time":0.2,"x":-23.05,"y":-1.47},{"time":0.3,"x":-45.85,"y":-0.77},{"time":0.4,"x":-70.27,"y":-1.71},{"time":0.5,"x":-62.79,"y":19.3},{"time":0.6,"x":-42.09,"y":22.26},{"time":0.7,"x":3.29,"y":10.89},{"time":0.8,"x":21.82,"y":-1.23}]},"spine1":{"rotate":[{"time":0,"angle":1.61,"curve":"stepped"},{"time":0.4,"angle":1.61,"curve":"stepped"},{"time":0.8,"angle":1.61}],"translate":[{"time":0,"x":10.76,"y":-3.92,"curve":[0.25,0,0.75,1]},{"time":0.2333,"x":6.75,"y":8.83,"curve":[0.25,0,0.75,1]},{"time":0.4,"x":2.13,"y":-2.49},{"time":0.6333,"x":5.59,"y":7.87,"curve":[0.25,0,0.75,1]},{"time":0.8,"x":10.76,"y":-3.92}]},"spine2":{"rotate":[{"time":0,"angle":1.65,"curve":"stepped"},{"time":0.8,"angle":1.65}]},"head":{"rotate":[{"time":0,"angle":-2.61,"curve":"stepped"},{"time":0.4,"angle":-2.61,"curve":"stepped"},{"time":0.8,"angle":-2.61}],"translate":[{"time":0,"x":0.82,"y":-1.25},{"time":0.1,"x":0,"y":0},{"time":0.2333,"x":1.72,"y":-0.04},{"time":0.4,"x":0,"y":0},{"time":0.5,"x":-1.82,"y":0},{"time":0.6333,"x":0.86,"y":-0.02},{"time":0.8,"x":0.82,"y":-1.25}]},"frontarm":{"rotate":[{"time":0,"angle":0.79},{"time":0.1,"angle":3.72,"curve":[0.25,0,0.75,1]},{"time":0.4,"angle":-14.46},{"time":0.5,"angle":-17.27,"curve":[0.25,0,0.75,1]},{"time":0.8,"angle":0.79}],"translate":[{"time":0,"x":0.77,"y":-12.16,"curve":[0.25,0,0.75,1]},{"time":0.1,"x":-0.43,"y":-9.07,"curve":[0.25,0,0.75,1]},{"time":0.4,"x":0,"y":0,"curve":[0.25,0,0.75,1]},{"time":0.5,"x":-0.01,"y":-0.5,"curve":[0.25,0,0.75,1]},{"time":0.8,"x":0.77,"y":-12.16}]},"reararm":{"rotate":[{"time":0,"angle":328.55},{"time":0.1,"angle":321.13},{"time":0.4,"angle":12.1},{"time":0.8,"angle":-31.45}],"translate":[{"time":0,"x":0.01,"y":7.92},{"time":0.4,"x":0,"y":0,"curve":[0.25,0,0.75,1]},{"time":0.5,"x":-0.54,"y":-1.87},{"time":0.8,"x":0.01,"y":7.92}]},"rearhand":{"rotate":[{"time":0,"angle":33.82,"curve":"stepped"},{"time":0.4,"angle":33.82,"curve":"stepped"},{"time":0.8,"angle":33.82}]},"fronthand":{"rotate":[{"time":0,"angle":-1.75,"curve":[0.25,0,0.75,1]},{"time":0.1,"angle":-2.85},{"time":0.4,"angle":0},{"time":0.5,"angle":-5.4,"curve":[0.25,0,0.75,1]},{"time":0.6,"angle":-2.63,"curve":[0.25,0,0.75,1]},{"time":0.8,"angle":-1.75}]},"headcenter":{"translate":[{"time":0,"x":-0.08,"y":-3.62,"curve":[0.25,0,0.75,1]},{"time":0.4,"x":0,"y":0,"curve":[0.25,0,0.75,1]},{"time":0.8,"x":-0.08,"y":-3.62}]},"bodycenter":{"translate":[{"time":0,"x":-0.76,"y":-1.55,"curve":[0.25,0,0.75,1]},{"time":0.4,"x":0.4,"y":-5.74,"curve":[0.25,0,0.75,1]},{"time":0.8,"x":-0.76,"y":-1.55}]},"weapon":{"translate":[{"time":0,"x":0,"y":0,"curve":[0.25,0,0.75,1]},{"time":0.1333,"x":-2.79,"y":-1.6,"curve":[0.25,0,0.75,1]},{"time":0.3667,"x":0,"y":0,"curve":[0.25,0,0.75,1]},{"time":0.5,"x":-3.35,"y":-1.59,"curve":[0.25,0,0.75,1]},{"time":0.8,"x":0,"y":0}]},"frontboots":{"rotate":[{"time":0,"angle":-16.61},{"time":0.1,"angle":-66.44},{"time":0.2,"angle":-28.47},{"time":0.3333,"angle":16.7},{"time":0.4,"angle":0},{"time":0.8,"angle":-16.61}]},"rearboots":{"rotate":[{"time":0,"angle":11.39},{"time":0.0333,"angle":0,"curve":"stepped"},{"time":0.4,"angle":0},{"time":0.5333,"angle":-52.12},{"time":0.6667,"angle":-21.47},{"time":0.7667,"angle":22.78},{"time":0.8,"angle":11.39}]},"hip":{"translate":[{"time":0,"x":0,"y":-2.95,"curve":"stepped"},{"time":0.8,"x":0,"y":-2.95}]},"spine3":{"translate":[{"time":0,"x":5.74,"y":-33.17,"curve":[0.25,0,0.75,1]},{"time":0.4,"x":0,"y":0,"curve":[0.25,0,0.75,1]},{"time":0.8,"x":5.74,"y":-33.17}]},"spine4":{"translate":[{"time":0,"x":0,"y":11.98},{"time":0.4,"x":0,"y":0},{"time":0.8,"x":0,"y":11.98}]},"head9":{"translate":[{"time":0,"x":0,"y":5.15,"curve":[0.25,0,0.75,1]},{"time":0.4,"x":0.09,"y":-2.57,"curve":[0.25,0,0.75,1]},{"time":0.8,"x":0,"y":5.15}]},"head5":{"rotate":[{"time":0,"angle":0},{"time":0.3,"angle":-9.91},{"time":0.8,"angle":0}]},"head6":{"rotate":[{"time":0,"angle":0},{"time":0.3,"angle":-9.91},{"time":0.5667,"angle":-4.62},{"time":0.7,"angle":-14.46},{"time":0.8,"angle":0}]},"head4":{"rotate":[{"time":0,"angle":0},{"time":0.2667,"angle":5.87},{"time":0.8,"angle":0}]},"head3":{"rotate":[{"time":0,"angle":0},{"time":0.2333,"angle":0.7},{"time":0.3333,"angle":-5.25},{"time":0.6,"angle":8.97},{"time":0.7,"angle":-4.93},{"time":0.8,"angle":0}]},"head2":{"rotate":[{"time":0,"angle":-9.16},{"time":0.3,"angle":10.28},{"time":0.4667,"angle":-16.66},{"time":0.7,"angle":3.68},{"time":0.8,"angle":-9.16}]}}}}}